﻿SO00008,1,2/7/2019,Rutherford Yearne,ryearne7@sfgate.com,"Road-150 Red, 44",4,223.64
SO00004,1,4/7/2019,Ailis Ciccotti,aciccotti3@geocities.com,"Road-650 Black, 62",3,38.84
SO00005,1,6/7/2019,Rowen Serjeantson,rserjeantson4@msu.edu,"Road-150 Red, 62",3,223.64
SO00036,1,6/7/2019,Jerri Christensen,jchristensenz@biglobe.ne.jp,"Road-150 Red, 62",1,223.64
SO00014,1,7/7/2019,Vivie Obey,vobeyd@craigslist.org,"Road-150 Red, 52",3,223.64
SO00001,1,8/7/2019,Ulrikaumeko Miko,umiko0@google.cn,"Mountain-100 Silver, 44",2,147.83
SO00044,1,8/7/2019,Karyn Bunner,kbunner17@sphinn.com,"Mountain-100 Silver, 48",4,147.83
SO00045,1,8/7/2019,Elwira Stanmer,estanmer18@economist.com,"Road-150 Red, 48",1,223.64
SO00011,1,9/7/2019,Barbara Koomar,bkoomara@wp.com,"Road-150 Red, 56",2,223.64
SO00053,1,9/7/2019,Lorne Nassi,lnassi1g@webeden.co.uk,"Road-150 Red, 62",4,223.64
SO00038,1,10/7/2019,Marylin Ivanovic,mivanovic11@google.de,"Road-150 Red, 48",1,223.64
SO00051,1,10/7/2019,Kaila Durston,kdurston1e@state.gov,"Road-150 Red, 52",4,223.64
SO00027,1,11/7/2019,Sorcha Folkerd,sfolkerdq@amazon.com,"Road-150 Red, 44",3,223.64
SO00072,1,11/7/2019,Banky Stratton,bstratton1z@imageshack.us,"Road-150 Red, 48",2,223.64
SO00016,1,13/7/2019,Barclay Glusby,bglusbyf@mozilla.com,"Road-150 Red, 44",3,223.64
SO00022,1,13/7/2019,Renelle Arrell,rarrelll@msu.edu,"Road-150 Red, 48",2,223.64
SO00073,1,13/7/2019,Mariann Larimer,mlarimer20@friendfeed.com,"Road-650 Red, 44",1,43.69
SO00099,1,14/7/2019,Rachele Younglove,ryounglove2q@webnode.com,"Road-150 Red, 48",2,223.64
SO00057,1,15/7/2019,Abelard Jobe,ajobe1k@sciencedaily.com,"Road-150 Red, 56",1,223.64
SO00081,1,15/7/2019,Addie Blose,ablose28@free.fr,"Mountain-100 Silver, 48",2,147.83
SO00024,1,17/7/2019,Orson Bordessa,obordessan@wikispaces.com,"Road-650 Black, 62",1,38.84
SO00093,1,17/7/2019,Georgie Furmedge,gfurmedge2k@discuz.net,"Mountain-100 Silver, 48",4,147.83
SO00094,1,17/7/2019,Joshuah Presland,jpresland2l@tripod.com,"Mountain-100 Black, 48",4,153.41
SO00100,1,17/7/2019,Anjanette Surgenor,asurgenor2r@studiopress.com,"Road-150 Red, 44",3,223.64
SO00137,1,17/7/2019,Mar Penrose,mpenrose3s@cdbaby.com,"Mountain-100 Black, 38",1,153.41
SO00013,1,18/7/2019,Martin Hacard,mhacardc@statcounter.com,"Road-650 Red, 52",3,43.69
SO00101,1,18/7/2019,Nanon Crippell,ncrippell2s@ifeng.com,"Road-150 Red, 48",4,223.64
SO00113,1,18/7/2019,Rois Shortcliffe,rshortcliffe34@examiner.com,"Mountain-100 Silver, 42",2,147.83
SO00119,1,18/7/2019,Laural Fussie,lfussie3a@deviantart.com,"Road-150 Red, 48",4,223.64
SO00049,1,19/7/2019,Donavon Spadazzi,dspadazzi1c@yellowbook.com,"Road-150 Red, 44",1,223.64
SO00086,1,19/7/2019,Franky Ruppel,fruppel2d@foxnews.com,"Road-150 Red, 48",2,223.64
SO00103,1,19/7/2019,Luca Sare,lsare2u@rediff.com,"Road-150 Red, 62",3,223.64
SO00135,1,19/7/2019,Christos Cordey,ccordey3q@barnesandnoble.com,"Mountain-100 Black, 42",4,153.41
SO00071,1,20/7/2019,Shalne Cristofaro,scristofaro1y@independent.co.uk,"Road-150 Red, 56",4,223.64
SO00095,1,20/7/2019,Babita Armatys,barmatys2m@plala.or.jp,"Road-150 Red, 62",2,223.64
SO00139,1,20/7/2019,Cosmo Vasyutkin,cvasyutkin3u@t.co,"Road-150 Red, 62",1,223.64
SO00020,1,21/7/2019,Brandyn Blethyn,bblethynj@tmall.com,"Road-150 Red, 56",3,223.64
SO00031,1,21/7/2019,Niki Kinane,nkinaneu@gmpg.org,"Road-650 Black, 58",2,38.84
SO00039,1,22/7/2019,Immanuel Losel,ilosel12@ow.ly,"Road-150 Red, 48",2,223.64
SO00041,1,22/7/2019,Andy Folley,afolley14@amazonaws.com,"Road-150 Red, 62",1,223.64
SO00079,1,22/7/2019,Jessika Pettett,jpettett26@nationalgeographic.com,"Road-150 Red, 52",3,223.64
SO00080,1,22/7/2019,Eve Sibyllina,esibyllina27@yahoo.co.jp,"Mountain-100 Silver, 42",4,147.83
SO00130,1,22/7/2019,Allyson Paridge,aparidge3l@java.com,"Road-150 Red, 48",3,223.64
SO00138,1,22/7/2019,Shane Innman,sinnman3t@mit.edu,"Road-150 Red, 62",4,223.64
SO00155,1,22/7/2019,Natale Mizzen,nmizzen4a@ucsd.edu,"Road-150 Red, 62",3,223.64
SO00166,1,22/7/2019,Gerianne Mowsdill,gmowsdill4l@miitbeian.gov.cn,"Road-150 Red, 48",3,223.64
SO00077,1,23/7/2019,Simon Doonican,sdoonican24@weebly.com,"Road-150 Red, 48",4,223.64
SO00164,1,23/7/2019,Eugene Easterfield,eeasterfield4j@ovh.net,"Mountain-100 Silver, 44",1,147.83
SO00002,1,24/7/2019,Winny Kippin,wkippin1@mlb.com,"Mountain-100 Black, 48",3,153.41
SO00032,1,24/7/2019,Eugenio Rutherford,erutherfordv@umn.edu,"Mountain-100 Silver, 44",3,147.83
SO00059,1,24/7/2019,Karie Ubsdell,kubsdell1m@pen.io,"Road-150 Red, 44",2,223.64
SO00144,1,24/7/2019,Lewiss Vearncombe,lvearncombe3z@census.gov,"Road-150 Red, 44",2,223.64
SO00161,1,24/7/2019,Susan Postin,spostin4g@angelfire.com,"Road-150 Red, 48",3,223.64
SO00196,1,24/7/2019,Eugine Whitman,ewhitman5f@opensource.org,"Road-150 Red, 52",1,223.64
SO00069,1,25/7/2019,Mahalia Lander,mlander1w@youku.com,"Road-150 Red, 52",4,223.64
SO00102,1,25/7/2019,Neville Glendining,nglendining2t@unesco.org,"Road-150 Red, 44",2,223.64
SO00116,1,25/7/2019,Myrna Gowler,mgowler37@indiatimes.com,"Road-650 Black, 44",2,38.84
SO00148,1,25/7/2019,Sloane Dowey,sdowey43@vkontakte.ru,"Road-150 Red, 62",4,223.64
SO00149,1,25/7/2019,Evaleen Wherry,ewherry44@godaddy.com,"Road-150 Red, 48",4,223.64
SO00150,1,25/7/2019,Boy Espina,bespina45@squidoo.com,"Road-150 Red, 52",1,223.64
SO00200,1,25/7/2019,Carlee Enrietto,cenrietto5j@businesswire.com,"Road-150 Red, 52",4,223.64
SO00209,1,25/7/2019,Morley Parlot,mparlot5s@sciencedirect.com,"Road-150 Red, 56",1,223.64
SO00033,1,26/7/2019,Kayne Gladwin,kgladwinw@miibeian.gov.cn,"Mountain-100 Black, 44",1,153.41
SO00092,1,26/7/2019,Beatrisa Bartali,bbartali2j@ibm.com,"Mountain-100 Silver, 38",1,147.83
SO00109,1,26/7/2019,Tobe Windebank,twindebank30@jiathis.com,"Road-150 Red, 62",3,223.64
SO00147,1,26/7/2019,Averell Shinton,ashinton42@amazon.co.jp,"Road-150 Red, 56",1,223.64
SO00193,1,26/7/2019,Elfrieda Joiner,ejoiner5c@imgur.com,"Road-150 Red, 48",4,223.64
SO00017,1,27/7/2019,Godart Rixon,grixong@marketwatch.com,"Road-150 Red, 44",4,223.64
SO00028,1,27/7/2019,Fiona Southeran,fsoutheranr@tripod.com,"Road-150 Red, 48",1,223.64
SO00046,1,27/7/2019,Gonzales Yanyushkin,gyanyushkin19@wsj.com,"Road-150 Red, 44",1,223.64
SO00210,1,27/7/2019,Davide Tasch,dtasch5t@hatena.ne.jp,"Road-150 Red, 48",1,223.64
SO00061,1,28/7/2019,Remus Langeren,rlangeren1o@livejournal.com,"Road-150 Red, 62",4,223.64
SO00084,1,28/7/2019,Sigfried Paoloni,spaoloni2b@godaddy.com,"Road-150 Red, 44",4,223.64
SO00152,1,28/7/2019,Aldridge Yellowley,ayellowley47@tiny.cc,"Road-150 Red, 52",4,223.64
SO00169,1,28/7/2019,Nancey Brogioni,nbrogioni4o@msu.edu,"Road-150 Red, 48",4,223.64
SO00175,1,28/7/2019,Viola Birchwood,vbirchwood4u@patch.com,"Road-150 Red, 48",4,223.64
SO00206,1,28/7/2019,Antonino Skynner,askynner5p@blinklist.com,"Mountain-100 Black, 48",4,153.41
SO00227,1,28/7/2019,Pennie Endecott,pendecott6a@spiegel.de,"Mountain-100 Black, 38",3,153.41
SO00009,1,29/7/2019,Ruby Eberdt,reberdt8@opensource.org,"Mountain-100 Silver, 44",1,147.83
SO00023,1,29/7/2019,Coraline Kwiek,ckwiekm@va.gov,"Road-150 Red, 62",1,223.64
SO00040,1,29/7/2019,Rusty Oty,roty13@whitehouse.gov,"Mountain-100 Silver, 44",3,147.83
SO00075,1,29/7/2019,Rudy Lascelles,rlascelles22@shop-pro.jp,"Road-150 Red, 48",2,223.64
SO00133,1,29/7/2019,Kerr Feyer,kfeyer3o@examiner.com,"Road-150 Red, 62",1,223.64
SO00134,1,29/7/2019,Creight Hrinchenko,chrinchenko3p@google.co.jp,"Mountain-100 Black, 44",2,153.41
SO00199,1,29/7/2019,Thatcher Du Pre,tdu5i@tripod.com,"Road-150 Red, 44",3,223.64
SO00217,1,29/7/2019,Samantha Valder,svalder60@webmd.com,"Mountain-100 Silver, 38",4,147.83
SO00228,1,29/7/2019,Matteo Beidebeke,mbeidebeke6b@blogtalkradio.com,"Road-150 Red, 56",3,223.64
SO00245,1,29/7/2019,Pembroke Farebrother,pfarebrother6s@nydailynews.com,"Mountain-100 Black, 44",4,153.41
SO00064,1,30/7/2019,Farrel Skase,fskase1r@topsy.com,"Mountain-100 Black, 44",3,153.41
SO00067,1,30/7/2019,Nicoli Withey,nwithey1u@icq.com,"Mountain-100 Black, 44",1,153.41
SO00179,1,30/7/2019,Konstanze Orcott,korcott4y@oracle.com,"Mountain-100 Silver, 42",2,147.83
SO00229,1,30/7/2019,Oby Leipold,oleipold6c@about.com,"Road-150 Red, 62",1,223.64
SO00065,1,31/7/2019,Sharyl Akid,sakid1s@bloglines.com,"Road-150 Red, 62",3,223.64
SO00142,1,31/7/2019,Monro Halfhide,mhalfhide3x@feedburner.com,"Road-150 Red, 52",1,223.64
SO00216,1,31/7/2019,Dania Medmore,dmedmore5z@java.com,"Mountain-100 Silver, 38",1,147.83
SO00003,1,1/8/2019,Kerr Follacaro,kfollacaro2@typepad.com,"Mountain-100 Silver, 38",2,147.83
SO00056,1,1/8/2019,Adella Barcroft,abarcroft1j@yandex.ru,"Road-150 Red, 52",4,223.64
SO00078,1,1/8/2019,Kaitlyn Ludye,kludye25@tmall.com,"Road-150 Red, 44",1,223.64
SO00126,1,1/8/2019,Genia Munkley,gmunkley3h@buzzfeed.com,"Road-650 Black, 44",4,38.84
SO00281,1,1/8/2019,Jake Queree,jqueree7s@cisco.com,"Road-650 Black, 44",2,38.84
SO00083,1,2/8/2019,Rosaline Yitshak,ryitshak2a@photobucket.com,"Road-650 Red, 52",2,43.69
SO00153,1,2/8/2019,Sheri Emmines,semmines48@hud.gov,"Road-150 Red, 56",1,223.64
SO00165,1,2/8/2019,Bondie Saker,bsaker4k@prnewswire.com,"Road-150 Red, 52",4,223.64
SO00262,1,2/8/2019,Granger Sail,gsail79@state.tx.us,"Mountain-100 Silver, 38",3,147.83
SO00012,1,3/8/2019,Greg Jumont,gjumontb@youtu.be,"Road-150 Red, 48",3,223.64
SO00054,1,3/8/2019,Datha Crinkley,dcrinkley1h@yellowbook.com,"Road-150 Red, 44",4,223.64
SO00177,1,3/8/2019,Amargo Willoughway,awilloughway4w@g.co,"Road-650 Black, 44",4,38.84
SO00184,1,3/8/2019,Amandi Titchen,atitchen53@123-reg.co.uk,"Mountain-100 Black, 42",2,153.41
SO00195,1,3/8/2019,Hersh Segar,hsegar5e@opensource.org,"Mountain-100 Silver, 48",2,147.83
SO00212,1,3/8/2019,Elenore Gozney,egozney5v@google.es,"Road-150 Red, 44",2,223.64
SO00235,1,3/8/2019,Maris Deschlein,mdeschlein6i@wikipedia.org,"Road-650 Red, 58",2,43.69
SO00256,1,3/8/2019,Charissa Claremont,cclaremont73@bluehost.com,"Road-150 Red, 62",2,223.64
SO00151,1,4/8/2019,Virge Chatband,vchatband46@tinypic.com,"Road-650 Red, 44",3,43.69
SO00162,1,4/8/2019,Jimmie Borne,jborne4h@cnet.com,"Road-150 Red, 44",1,223.64
SO00186,1,4/8/2019,Gui De la Yglesia,gde55@ed.gov,"Mountain-100 Silver, 38",3,147.83
SO00187,1,4/8/2019,Eward Oxterby,eoxterby56@ft.com,"Road-150 Red, 44",3,223.64
SO00201,1,4/8/2019,Linnea Oakland,loakland5k@europa.eu,"Road-150 Red, 62",2,223.64
SO00042,1,5/8/2019,Vasili Woolliams,vwoolliams15@theglobeandmail.com,"Road-150 Red, 48",4,223.64
SO00055,1,5/8/2019,Carmela Overthrow,coverthrow1i@amazonaws.com,"Road-150 Red, 56",3,223.64
SO00098,1,5/8/2019,Mahala Mixon,mmixon2p@aboutads.info,"Mountain-100 Silver, 38",3,147.83
SO00104,1,5/8/2019,Odele Jones,ojones2v@fastcompany.com,"Road-150 Red, 48",2,223.64
SO00114,1,5/8/2019,Marlow Vynall,mvynall35@desdev.cn,"Mountain-100 Silver, 44",2,147.83
SO00263,1,5/8/2019,Arther Edmead,aedmead7a@lulu.com,"Road-150 Red, 44",1,223.64
SO00306,1,5/8/2019,Dael McLay,dmclay8h@columbia.edu,"Road-150 Red, 62",2,223.64
SO00048,1,6/8/2019,Anne Hughes,ahughes1b@nature.com,"Road-150 Red, 62",1,223.64
SO00076,1,6/8/2019,Jehanna Gooderidge,jgooderidge23@drupal.org,"Road-150 Red, 56",4,223.64
SO00085,1,6/8/2019,Donaugh Durdle,ddurdle2c@fda.gov,"Road-150 Red, 48",3,223.64
SO00291,1,6/8/2019,Diena Kinder,dkinder82@huffingtonpost.com,"Mountain-100 Silver, 38",2,147.83
SO00030,1,7/8/2019,Benetta Sprigings,bsprigingst@biglobe.ne.jp,"Road-650 Black, 58",1,38.84
SO00037,1,7/8/2019,Adey Cubuzzi,acubuzzi10@goo.gl,"Road-150 Red, 52",1,223.64
SO00090,1,7/8/2019,Laurens Ravenscroft,lravenscroft2h@ebay.com,"Road-150 Red, 44",3,223.64
SO00185,1,7/8/2019,Kirstin Wynes,kwynes54@mlb.com,"Mountain-100 Black, 38",1,153.41
SO00257,1,7/8/2019,Renaud Kobisch,rkobisch74@yolasite.com,"Road-150 Red, 52",2,223.64
SO00310,1,7/8/2019,Bevin Cripps,bcripps8l@1688.com,"Road-150 Red, 62",4,223.64
SO00026,1,8/8/2019,Guntar Denisyuk,gdenisyukp@unicef.org,"Road-150 Red, 44",1,223.64
SO00154,1,8/8/2019,Marjie Kingstne,mkingstne49@multiply.com,"Road-150 Red, 56",3,223.64
SO00160,1,8/8/2019,Kendall Insko,kinsko4f@github.io,"Road-650 Black, 60",1,38.84
SO00253,1,8/8/2019,Silvan Fearney,sfearney70@pagesperso-orange.fr,"Road-150 Red, 56",4,223.64
SO00277,1,8/8/2019,Dona Bea,dbea7o@wunderground.com,"Mountain-100 Silver, 38",4,147.83
SO00128,1,9/8/2019,Katharine Gregson,kgregson3j@indiatimes.com,"Road-150 Red, 62",3,223.64
SO00129,1,9/8/2019,Biron Baston,bbaston3k@cargocollective.com,"Road-150 Red, 56",1,223.64
SO00145,1,9/8/2019,Miguel Kemmett,mkemmett40@vinaora.com,"Road-150 Red, 52",3,223.64
SO00172,1,9/8/2019,Bogart Searle,bsearle4r@blogtalkradio.com,"Road-150 Red, 62",1,223.64
SO00239,1,9/8/2019,Carrie McCole,cmccole6m@bbb.org,"Road-150 Red, 44",3,223.64
SO00249,1,9/8/2019,Skipp Sargeant,ssargeant6w@ameblo.jp,"Road-150 Red, 44",3,223.64
SO00269,1,9/8/2019,Mercy Smeeton,msmeeton7g@linkedin.com,"Road-150 Red, 52",1,223.64
SO00271,1,9/8/2019,Kirk O'Haire,kohaire7i@walmart.com,"Road-150 Red, 56",3,223.64
SO00324,1,9/8/2019,Emilio Enders,eenders8z@twitpic.com,"Mountain-100 Silver, 44",3,147.83
SO00335,1,9/8/2019,Cornelia Stitcher,cstitcher9a@jugem.jp,"Road-150 Red, 52",3,223.64
SO00029,1,10/8/2019,Andie Ludlow,aludlows@quantcast.com,"Road-150 Red, 44",3,223.64
SO00118,1,10/8/2019,Elizabet Bompass,ebompass39@godaddy.com,"Road-650 Black, 52",3,38.84
SO00189,1,10/8/2019,Evvy Kenningham,ekenningham58@amazon.co.uk,"Road-150 Red, 48",3,223.64
SO00234,1,10/8/2019,Suzanne Blanning,sblanning6h@redcross.org,"Road-650 Black, 62",4,38.84
SO00261,1,10/8/2019,Dominic Lesley,dlesley78@prlog.org,"Mountain-100 Black, 48",2,153.41
SO00284,1,10/8/2019,Mead Fruser,mfruser7v@icio.us,"Road-150 Red, 62",4,223.64
SO00015,1,11/8/2019,Fran Pinsent,fpinsente@omniture.com,"Road-150 Red, 56",4,223.64
SO00091,1,11/8/2019,Dalenna Melmore,dmelmore2i@github.io,"Road-150 Red, 44",3,223.64
SO00111,1,11/8/2019,Paulie Laddle,pladdle32@hibu.com,"Road-650 Red, 48",3,43.69
SO00120,1,11/8/2019,Lorenza Ortet,lortet3b@networkadvertising.org,"Road-150 Red, 48",3,223.64
SO00170,1,11/8/2019,Corey Steger,csteger4p@aboutads.info,"Road-150 Red, 62",3,223.64
SO00232,1,11/8/2019,Kenon Vanelli,kvanelli6f@diigo.com,"Road-150 Red, 62",4,223.64
SO00238,1,11/8/2019,Gwenora Borghese,gborghese6l@wiley.com,"Road-150 Red, 62",4,223.64
SO00307,1,11/8/2019,Stephi Hekkert,shekkert8i@uol.com.br,"Road-150 Red, 52",2,223.64
SO00342,1,11/8/2019,Gillan Antham,gantham9h@digg.com,"Road-150 Red, 48",2,223.64
SO00006,1,12/8/2019,Burty Jaskowicz,bjaskowicz5@time.com,"Road-150 Red, 62",4,223.64
SO00122,1,12/8/2019,Ashleigh Flude,aflude3d@fema.gov,"Road-150 Red, 52",4,223.64
SO00140,1,12/8/2019,Bree Bumphrey,bbumphrey3v@nba.com,"Road-650 Red, 62",1,43.69
SO00141,1,12/8/2019,Bordy Sinfield,bsinfield3w@usnews.com,"Road-150 Red, 62",1,223.64
SO00143,1,12/8/2019,Aguistin Fobidge,afobidge3y@mapquest.com,"Road-150 Red, 52",4,223.64
SO00198,1,12/8/2019,Kerwinn Szymanowicz,kszymanowicz5h@soundcloud.com,"Road-150 Red, 48",3,223.64
SO00204,1,12/8/2019,Ellen Bollom,ebollom5n@weibo.com,"Road-650 Black, 52",3,38.84
SO00214,1,12/8/2019,Fabe Gradwell,fgradwell5x@census.gov,"Road-150 Red, 52",1,223.64
SO00311,1,12/8/2019,Druci Lindborg,dlindborg8m@purevolume.com,"Road-150 Red, 52",3,223.64
SO00325,1,12/8/2019,Skylar Salt,ssalt90@dailymail.co.uk,"Road-150 Red, 56",3,223.64
SO00007,1,13/8/2019,Goraud Eckersley,geckersley6@theguardian.com,"Mountain-100 Silver, 44",3,147.83
SO00021,1,13/8/2019,Nikita Mancer,nmancerk@columbia.edu,"Road-150 Red, 44",2,223.64
SO00060,1,13/8/2019,Tybalt Soigne,tsoigne1n@ucla.edu,"Road-150 Red, 48",3,223.64
SO00070,1,13/8/2019,Benji Karpe,bkarpe1x@slideshare.net,"Road-150 Red, 62",4,223.64
SO00088,1,13/8/2019,Evangelin Stampe,estampe2f@umich.edu,"Road-150 Red, 48",4,223.64
SO00167,1,13/8/2019,Jeffie Mcmanaman,jmcmanaman4m@webs.com,"Road-150 Red, 62",3,223.64
SO00275,1,13/8/2019,Andrey Glasson,aglasson7m@booking.com,"Road-150 Red, 52",3,223.64
SO00018,1,14/8/2019,Klarrisa Jeves,kjevesh@tmall.com,"Road-150 Red, 62",4,223.64
SO00034,1,14/8/2019,Jeddy McGaughey,jmcgaugheyx@sciencedirect.com,"Mountain-100 Silver, 44",3,147.83
SO00047,1,14/8/2019,Wileen Walter,wwalter1a@java.com,"Road-150 Red, 56",2,223.64
SO00063,1,14/8/2019,Shawna Stoffersen,sstoffersen1q@alexa.com,"Road-150 Red, 56",2,223.64
SO00082,1,14/8/2019,Dorotea Henriet,dhenriet29@illinois.edu,"Road-150 Red, 56",4,223.64
SO00105,1,14/8/2019,Hans Stenning,hstenning2w@cnbc.com,"Road-150 Red, 48",2,223.64
SO00121,1,14/8/2019,Gerrilee Obern,gobern3c@xinhuanet.com,"Road-150 Red, 62",4,223.64
SO00181,1,14/8/2019,Sim Beinisch,sbeinisch50@dedecms.com,"Road-150 Red, 62",4,223.64
SO00215,1,14/8/2019,Winnie Tomblett,wtomblett5y@mozilla.com,"Road-150 Red, 44",3,223.64
SO00231,1,14/8/2019,Beale Ingon,bingon6e@clickbank.net,"Mountain-100 Black, 42",4,153.41
SO00296,1,14/8/2019,Mikkel Pascow,mpascow87@wix.com,"Road-150 Red, 62",1,223.64
SO00304,1,14/8/2019,Clarissa Overstone,coverstone8f@sogou.com,"Road-150 Red, 62",3,223.64
SO00035,1,15/8/2019,Elise Ivashin,eivashiny@qq.com,"Road-150 Red, 56",1,223.64
SO00062,1,15/8/2019,Jodi Clac,jclac1p@yelp.com,"Road-150 Red, 62",3,223.64
SO00182,1,15/8/2019,Jennie Diche,jdiche51@last.fm,"Road-150 Red, 52",1,223.64
SO00316,1,15/8/2019,Ailene Blatchford,ablatchford8r@nsw.gov.au,"Road-150 Red, 48",2,223.64
SO00136,1,16/8/2019,Nanny Klemmt,nklemmt3r@godaddy.com,"Mountain-100 Black, 38",2,153.41
SO00270,1,16/8/2019,Heather Mueller,hmueller7h@miibeian.gov.cn,"Road-150 Red, 48",2,223.64
SO00280,1,16/8/2019,Gertrude Colnett,gcolnett7r@purevolume.com,"Road-650 Black, 52",3,38.84
SO00348,1,16/8/2019,Shay Cady,scady9n@spiegel.de,"Mountain-100 Black, 44",1,153.41
SO00052,1,17/8/2019,Georgetta Meaton,gmeaton1f@freewebs.com,"Road-150 Red, 48",1,223.64
SO00096,1,17/8/2019,Boris Thain,bthain2n@spiegel.de,"Mountain-100 Silver, 38",3,147.83
SO00117,1,17/8/2019,Shawnee Dancer,sdancer38@bloglines.com,"Mountain-100 Black, 44",3,153.41
SO00242,1,17/8/2019,Vernor Mendes,vmendes6p@yellowbook.com,"Road-150 Red, 48",2,223.64
SO00264,1,17/8/2019,Gayleen Milier,gmilier7b@gravatar.com,"Road-150 Red, 52",4,223.64
SO00319,1,17/8/2019,Jeniffer Coatham,jcoatham8u@pen.io,"Road-650 Red, 48",3,43.69
SO00323,1,17/8/2019,Tabb MacKettrick,tmackettrick8y@alexa.com,"Road-150 Red, 52",4,223.64
SO00350,1,17/8/2019,Darleen Kivelle,dkivelle9p@washington.edu,"Road-150 Red, 48",1,223.64
SO00369,1,17/8/2019,Joela De Vuyst,jdea8@archive.org,"Road-150 Red, 44",2,223.64
SO00089,1,18/8/2019,Winnie Tatersale,wtatersale2g@networkadvertising.org,"Road-150 Red, 56",1,223.64
SO00110,1,18/8/2019,Pamelina Gingedale,pgingedale31@sfgate.com,"Road-150 Red, 52",3,223.64
SO00146,1,18/8/2019,Tully Hay,thay41@google.com.hk,"Road-150 Red, 56",3,223.64
SO00176,1,18/8/2019,Sigismondo Stuke,sstuke4v@nytimes.com,"Road-150 Red, 56",1,223.64
SO00205,1,18/8/2019,Valina Comer,vcomer5o@shareasale.com,"Road-150 Red, 56",3,223.64
SO00248,1,18/8/2019,Amie Lowless,alowless6v@tamu.edu,"Mountain-100 Black, 44",4,153.41
SO00287,1,18/8/2019,Kathe Getch,kgetch7y@cpanel.net,"Road-150 Red, 52",3,223.64
SO00293,1,18/8/2019,Terri Covington,tcovington84@senate.gov,"Mountain-100 Silver, 38",1,147.83
SO00043,1,19/8/2019,Lanni Aughtie,laughtie16@toplist.cz,"Road-150 Red, 52",2,223.64
SO00168,1,19/8/2019,Baily Acklands,backlands4n@addtoany.com,"Road-150 Red, 56",3,223.64
SO00336,1,19/8/2019,Izak Shawcroft,ishawcroft9b@myspace.com,"Road-150 Red, 56",2,223.64
SO00341,1,19/8/2019,Wenona Matterdace,wmatterdace9g@icq.com,"Road-150 Red, 44",4,223.64
SO00370,1,19/8/2019,Cassandra Hyams,chyamsa9@rediff.com,"Road-150 Red, 48",3,223.64
SO00074,1,20/8/2019,Virgil Kinset,vkinset21@youku.com,"Road-150 Red, 48",4,223.64
SO00157,1,20/8/2019,Koenraad Daily,kdaily4c@ucoz.ru,"Road-150 Red, 48",2,223.64
SO00237,1,20/8/2019,Andy Ferrucci,aferrucci6k@nps.gov,"Road-650 Black, 52",1,38.84
SO00286,1,20/8/2019,Renie Hyndley,rhyndley7x@sourceforge.net,"Mountain-100 Black, 44",3,153.41
SO00380,1,20/8/2019,Kelley Tropman,ktropmanaj@irs.gov,"Road-150 Red, 62",1,223.64
SO00010,1,21/8/2019,Claudina Heymann,cheymann9@tripod.com,"Road-150 Red, 48",3,223.64
SO00384,1,21/8/2019,Wood Bedinham,wbedinhaman@shareasale.com,"Road-150 Red, 48",3,223.64
SO00019,1,22/8/2019,Johannes Alexandrescu,jalexandrescui@uiuc.edu,"Road-150 Red, 44",4,223.64
SO00025,1,22/8/2019,Blane Crummay,bcrummayo@istockphoto.com,"Road-150 Red, 44",1,223.64
SO00058,1,22/8/2019,Maude Cockshtt,mcockshtt1l@cbc.ca,"Road-650 Black, 58",3,38.84
SO00068,1,22/8/2019,Tawsha Bluschke,tbluschke1v@google.ru,"Road-150 Red, 52",1,223.64
SO00203,1,22/8/2019,Gustave Hemeret,ghemeret5m@hostgator.com,"Road-150 Red, 62",1,223.64
SO00282,1,22/8/2019,Benny Loddy,bloddy7t@photobucket.com,"Road-150 Red, 56",4,223.64
SO00300,1,22/8/2019,Carson Harrowing,charrowing8b@google.com,"Road-150 Red, 52",4,223.64
SO00315,1,22/8/2019,Edna Dawnay,edawnay8q@t-online.de,"Road-150 Red, 62",1,223.64
SO00320,1,22/8/2019,Booth Drohan,bdrohan8v@mit.edu,"Road-150 Red, 62",4,223.64
SO00354,1,22/8/2019,Myriam Bover,mbover9t@sbwire.com,"Road-150 Red, 56",4,223.64
SO00371,1,22/8/2019,Leelah Pont,lpontaa@mozilla.com,"Road-650 Black, 62",2,38.84
SO00372,1,22/8/2019,Doti Turney,dturneyab@rambler.ru,"Road-150 Red, 52",2,223.64
SO00050,1,23/8/2019,Britney Wyper,bwyper1d@illinois.edu,"Road-150 Red, 44",3,223.64
SO00066,1,23/8/2019,Gerard Areles,gareles1t@bloglovin.com,"Mountain-100 Silver, 44",3,147.83
SO00108,1,23/8/2019,Prescott Kofax,pkofax2z@vimeo.com,"Road-150 Red, 62",1,223.64
SO00178,1,23/8/2019,Brana Ruler,bruler4x@hao123.com,"Mountain-100 Silver, 38",3,147.83
SO00299,1,23/8/2019,Zorina Larcombe,zlarcombe8a@msn.com,"Mountain-100 Black, 48",1,153.41
SO00339,1,23/8/2019,Tommi Lacrouts,tlacrouts9e@hostgator.com,"Road-150 Red, 52",1,223.64
SO00349,1,23/8/2019,Krystalle Lumsdale,klumsdale9o@baidu.com,"Mountain-100 Silver, 48",2,147.83
SO00125,1,24/8/2019,Porter Elijahu,pelijahu3g@time.com,"Mountain-100 Silver, 44",3,147.83
SO00183,1,24/8/2019,Bryanty McCrone,bmccrone52@home.pl,"Road-650 Black, 52",4,38.84
SO00202,1,24/8/2019,Carrissa Senett,csenett5l@time.com,"Road-150 Red, 48",2,223.64
SO00233,1,24/8/2019,Roberta Heppenspall,rheppenspall6g@behance.net,"Road-150 Red, 62",3,223.64
SO00112,1,25/8/2019,Eunice Fairlamb,efairlamb33@chron.com,"Road-150 Red, 48",2,223.64
SO00174,1,25/8/2019,Thorin Darracott,tdarracott4t@vistaprint.com,"Road-150 Red, 62",4,223.64
SO00194,1,25/8/2019,Amalie Westcarr,awestcarr5d@baidu.com,"Mountain-100 Black, 48",1,153.41
SO00305,1,25/8/2019,Elenore Dawbery,edawbery8g@unesco.org,"Road-150 Red, 44",1,223.64
SO00321,1,25/8/2019,Rob Lethbury,rlethbury8w@stumbleupon.com,"Road-150 Red, 48",3,223.64
SO00376,1,25/8/2019,Chrisse Chamberlayne,cchamberlayneaf@privacy.gov.au,"Mountain-100 Silver, 48",1,147.83
SO00402,1,25/8/2019,Giulia Lundie,glundieb5@newsvine.com,"Road-150 Red, 62",1,223.64
SO00191,1,26/8/2019,Blake Bricham,bbricham5a@desdev.cn,"Road-150 Red, 56",3,223.64
SO00330,1,26/8/2019,Guenevere O'Heneghan,goheneghan95@phoca.cz,"Road-150 Red, 44",3,223.64
SO00131,1,27/8/2019,Fransisco Dibner,fdibner3m@ezinearticles.com,"Road-150 Red, 52",4,223.64
SO00220,1,27/8/2019,Sisile Glason,sglason63@google.de,"Road-150 Red, 62",2,223.64
SO00278,1,27/8/2019,Bert Mewe,bmewe7p@constantcontact.com,"Road-150 Red, 52",1,223.64
SO00289,1,27/8/2019,Gerhard Sherratt,gsherratt80@google.cn,"Road-650 Black, 44",4,38.84
SO00382,1,27/8/2019,Elliott Vedyashkin,evedyashkinal@netvibes.com,"Road-150 Red, 52",2,223.64
SO00127,1,28/8/2019,Willy Toffaloni,wtoffaloni3i@drupal.org,"Road-150 Red, 44",3,223.64
SO00230,1,28/8/2019,Leonhard Gittings,lgittings6d@hp.com,"Road-150 Red, 48",2,223.64
SO00274,1,28/8/2019,Rockwell Tinston,rtinston7l@uol.com.br,"Road-150 Red, 56",4,223.64
SO00276,1,28/8/2019,Buddy Ridgewell,bridgewell7n@netlog.com,"Road-150 Red, 44",3,223.64
SO00309,1,28/8/2019,Neda Crinson,ncrinson8k@businesswire.com,"Road-150 Red, 44",4,223.64
SO00087,1,29/8/2019,Talbert Gallyhaock,tgallyhaock2e@auda.org.au,"Road-150 Red, 48",2,223.64
SO00124,1,29/8/2019,Nita Vigours,nvigours3f@twitpic.com,"Mountain-100 Black, 38",3,153.41
SO00163,1,29/8/2019,Joyous Eccles,jeccles4i@themeforest.net,"Mountain-100 Silver, 48",1,147.83
SO00347,1,29/8/2019,Mari Jantot,mjantot9m@yellowpages.com,"Road-150 Red, 56",4,223.64
SO00351,1,29/8/2019,Arnie Flucker,aflucker9q@desdev.cn,"Mountain-100 Black, 44",1,153.41
SO00173,1,30/8/2019,Mano Moss,mmoss4s@bravesites.com,"Road-150 Red, 52",3,223.64
SO00208,1,30/8/2019,Griffie Bengtsen,gbengtsen5r@storify.com,"Road-150 Red, 48",2,223.64
SO00221,1,30/8/2019,Abrahan Grestie,agrestie64@si.edu,"Road-150 Red, 56",1,223.64
SO00247,1,30/8/2019,Fremont Mauvin,fmauvin6u@illinois.edu,"Mountain-100 Black, 38",1,153.41
SO00252,1,30/8/2019,Franklyn Sara,fsara6z@skyrock.com,"Road-150 Red, 62",4,223.64
SO00361,1,30/8/2019,Lewiss Sutheran,lsutherana0@irs.gov,"Road-150 Red, 48",2,223.64
SO00097,1,31/8/2019,Marianna Redhole,mredhole2o@europa.eu,"Mountain-100 Black, 48",4,153.41
SO00106,1,31/8/2019,Hertha Rudledge,hrudledge2x@washingtonpost.com,"Road-650 Black, 52",1,38.84
SO00115,1,31/8/2019,Carlo Saill,csaill36@ihg.com,"Road-150 Red, 56",1,223.64
SO00288,1,31/8/2019,Aylmer Brice,abrice7z@unc.edu,"Road-150 Red, 56",3,223.64
SO00292,1,31/8/2019,Horton Briscam,hbriscam83@issuu.com,"Road-150 Red, 62",2,223.64
SO00329,1,31/8/2019,Delora Gillino,dgillino94@linkedin.com,"Road-150 Red, 48",1,223.64
SO00366,1,31/8/2019,Michelle Roglieri,mroglieria5@plala.or.jp,"Road-150 Red, 62",4,223.64
SO00389,1,31/8/2019,Natasha Basham,nbashamas@geocities.com,"Road-150 Red, 44",2,223.64
SO00158,1,1/9/2019,Pierson McGiffie,pmcgiffie4d@behance.net,"Road-650 Red, 60",3,43.69
SO00159,1,1/9/2019,Chad Dangerfield,cdangerfield4e@hostgator.com,"Road-650 Black, 62",4,38.84
SO00180,1,1/9/2019,Lelia Cuthbert,lcuthbert4z@cnet.com,"Road-150 Red, 44",3,223.64
SO00190,1,1/9/2019,Henry Glynne,hglynne59@si.edu,"Road-150 Red, 44",4,223.64
SO00218,1,1/9/2019,Bentlee Dowbakin,bdowbakin61@msu.edu,"Road-150 Red, 62",2,223.64
SO00236,1,1/9/2019,Zuzana Brierton,zbrierton6j@nba.com,"Road-650 Black, 60",4,38.84
SO00273,1,1/9/2019,Wilhelmina Bending,wbending7k@webs.com,"Road-150 Red, 56",2,223.64
SO00416,1,1/9/2019,Gerianne Labarre,glabarrebj@joomla.org,"Road-150 Red, 52",2,223.64
SO00448,1,1/9/2019,Antone Pickvance,apickvancecf@pinterest.com,"Road-150 Red, 56",2,223.64
SO00107,1,2/9/2019,Farra Vigietti,fvigietti2y@trellian.com,"Road-150 Red, 48",3,223.64
SO00123,1,2/9/2019,Heddie Becks,hbecks3e@delicious.com,"Mountain-100 Black, 44",3,153.41
SO00171,1,2/9/2019,Beau Haylands,bhaylands4q@1688.com,"Road-150 Red, 44",1,223.64
SO00188,1,2/9/2019,Sibelle Torra,storra57@mashable.com,"Road-150 Red, 56",2,223.64
SO00197,1,2/9/2019,Rodney Beranek,rberanek5g@reuters.com,"Road-150 Red, 62",4,223.64
SO00211,1,2/9/2019,Maurise Grutchfield,mgrutchfield5u@columbia.edu,"Road-650 Red, 60",2,43.69
SO00294,1,2/9/2019,Hillery Dinwoodie,hdinwoodie85@sina.com.cn,"Road-150 Red, 62",3,223.64
SO00340,1,2/9/2019,Shalne Sunock,ssunock9f@opensource.org,"Road-150 Red, 56",4,223.64
SO00399,1,2/9/2019,Maudie Yter,myterb2@people.com.cn,"Road-150 Red, 48",1,223.64
SO00412,1,2/9/2019,Gail Beastall,gbeastallbf@tripod.com,"Road-150 Red, 44",1,223.64
SO00132,1,3/9/2019,Cymbre Cops,ccops3n@twitpic.com,"Road-150 Red, 44",1,223.64
SO00156,1,3/9/2019,Mattias Keyworth,mkeyworth4b@imdb.com,"Mountain-100 Black, 48",1,153.41
SO00222,1,3/9/2019,Fredi Samsin,fsamsin65@imgur.com,"Road-150 Red, 62",1,223.64
SO00244,1,3/9/2019,Vivianne Scamal,vscamal6r@123-reg.co.uk,"Road-150 Red, 62",3,223.64
SO00308,1,3/9/2019,Jenny Bertot,jbertot8j@earthlink.net,"Road-150 Red, 52",3,223.64
SO00374,1,3/9/2019,Heriberto Ghione,hghionead@utexas.edu,"Road-150 Red, 44",4,223.64
SO00367,1,4/9/2019,Caroljean Fettes,cfettesa6@businesswire.com,"Road-150 Red, 48",4,223.64
SO00420,1,4/9/2019,Marrissa Morteo,mmorteobn@devhub.com,"Road-150 Red, 44",2,223.64
SO00434,1,4/9/2019,Merl Dewane,mdewanec1@clickbank.net,"Road-150 Red, 48",2,223.64
SO00452,1,4/9/2019,Isadore Ladel,iladelcj@vimeo.com,"Mountain-100 Silver, 38",4,147.83
SO00213,1,5/9/2019,Joshia Letten,jletten5w@addtoany.com,"Road-150 Red, 62",1,223.64
SO00225,1,5/9/2019,Tonia Lestrange,tlestrange68@java.com,"Road-150 Red, 44",4,223.64
SO00279,1,5/9/2019,Emalia Gullivan,egullivan7q@nifty.com,"Mountain-100 Silver, 38",3,147.83
SO00365,1,5/9/2019,Faustine Bartoszinski,fbartoszinskia4@usda.gov,"Road-150 Red, 48",3,223.64
SO00393,1,5/9/2019,Loy Gwin,lgwinaw@icq.com,"Road-150 Red, 56",1,223.64
SO00453,1,5/9/2019,Ermin Pestor,epestorck@webeden.co.uk,"Mountain-100 Black, 48",4,153.41
SO00192,1,6/9/2019,Quintus Berrane,qberrane5b@topsy.com,"Road-150 Red, 56",3,223.64
SO00219,1,6/9/2019,Daffi Ambrosini,dambrosini62@csmonitor.com,"Road-150 Red, 48",3,223.64
SO00255,1,6/9/2019,Towny Stillert,tstillert72@cnet.com,"Mountain-100 Black, 44",1,153.41
SO00337,1,6/9/2019,Vera Alessandrelli,valessandrelli9c@amazon.com,"Road-650 Black, 44",3,38.84
SO00226,1,7/9/2019,Drusi Heasly,dheasly69@disqus.com,"Road-150 Red, 48",1,223.64
SO00272,1,7/9/2019,Olwen Jacobsson,ojacobsson7j@squidoo.com,"Road-150 Red, 62",2,223.64
SO00327,1,7/9/2019,Minni McCanny,mmccanny92@hostgator.com,"Road-150 Red, 44",4,223.64
SO00345,1,7/9/2019,Jacenta Giorgio,jgiorgio9k@etsy.com,"Road-150 Red, 48",4,223.64
SO00383,1,7/9/2019,Roderic Ronchka,rronchkaam@intel.com,"Road-150 Red, 48",3,223.64
SO00436,1,7/9/2019,Walsh Giacopello,wgiacopelloc3@goodreads.com,"Road-650 Black, 62",2,38.84
SO00469,1,7/9/2019,Ashli Bradman,abradmand0@over-blog.com,"Mountain-100 Silver, 42",4,147.83
SO00471,1,7/9/2019,Whitby Landal,wlandald2@twitpic.com,"Road-150 Red, 56",2,223.64
SO00254,1,8/9/2019,Adey Ley,aley71@irs.gov,"Road-150 Red, 48",2,223.64
SO00298,1,8/9/2019,Ally Cowles,acowles89@weibo.com,"Mountain-100 Black, 42",4,153.41
SO00334,1,8/9/2019,Brnaba Deans,bdeans99@nba.com,"Road-650 Black, 44",2,38.84
SO00378,1,8/9/2019,Ariel Athelstan,aathelstanah@naver.com,"Road-150 Red, 44",3,223.64
SO00408,1,8/9/2019,Felita Frome,ffromebb@shinystat.com,"Road-150 Red, 52",3,223.64
SO00433,1,8/9/2019,Victor Olding,voldingc0@house.gov,"Road-650 Black, 62",3,38.84
SO00447,1,8/9/2019,Huntlee Muehle,hmuehlece@independent.co.uk,"Road-150 Red, 44",2,223.64
SO00465,1,8/9/2019,Anna-diana Gatsby,agatsbycw@github.com,"Mountain-100 Black, 48",4,153.41
SO00207,1,9/9/2019,Quillan Linbohm,qlinbohm5q@t.co,"Road-150 Red, 48",2,223.64
SO00224,1,9/9/2019,Karoline Suston,ksuston67@economist.com,"Road-150 Red, 62",3,223.64
SO00240,1,9/9/2019,Candra Garrity,cgarrity6n@shinystat.com,"Road-150 Red, 52",3,223.64
SO00243,1,9/9/2019,West Sjostrom,wsjostrom6q@google.co.uk,"Road-150 Red, 52",3,223.64
SO00268,1,9/9/2019,Fergus Presdee,fpresdee7f@cargocollective.com,"Road-150 Red, 56",2,223.64
SO00285,1,9/9/2019,Sky Arguile,sarguile7w@nytimes.com,"Road-150 Red, 62",2,223.64
SO00326,1,9/9/2019,Penrod Tammadge,ptammadge91@jugem.jp,"Mountain-100 Silver, 44",1,147.83
SO00396,1,9/9/2019,Ibby Bohlin,ibohlinaz@wiley.com,"Road-650 Red, 60",3,43.69
SO00259,1,10/9/2019,Sharlene Boatright,sboatright76@zimbio.com,"Road-650 Red, 48",2,43.69
SO00260,1,10/9/2019,Javier Syde,jsyde77@archive.org,"Mountain-100 Silver, 38",2,147.83
SO00265,1,10/9/2019,Pennie Pyvis,ppyvis7c@freewebs.com,"Road-650 Black, 52",4,38.84
SO00295,1,10/9/2019,Dave Velde,dvelde86@amazon.com,"Road-150 Red, 62",2,223.64
SO00297,1,10/9/2019,Gert Duthy,gduthy88@a8.net,"Mountain-100 Black, 42",2,153.41
SO00332,1,10/9/2019,Isahella Tyt,ityt97@discovery.com,"Road-150 Red, 62",2,223.64
SO00379,1,10/9/2019,Ulrich Lissandre,ulissandreai@boston.com,"Road-150 Red, 44",3,223.64
SO00481,1,10/9/2019,Foss McQuaid,fmcquaiddc@creativecommons.org,"Road-150 Red, 52",3,223.64
SO00223,1,11/9/2019,Christye Wisdish,cwisdish66@time.com,"Road-150 Red, 56",1,223.64
SO00250,1,11/9/2019,Rodolphe Mugg,rmugg6x@elpais.com,"Road-150 Red, 62",1,223.64
SO00267,1,11/9/2019,Jamie Pittendreigh,jpittendreigh7e@digg.com,"Road-150 Red, 52",1,223.64
SO00312,1,11/9/2019,Nelly Robbins,nrobbins8n@whitehouse.gov,"Road-150 Red, 44",3,223.64
SO00331,1,11/9/2019,Cirilo Permain,cpermain96@weather.com,"Road-150 Red, 56",2,223.64
SO00360,1,11/9/2019,Ainsley Joss,ajoss9z@engadget.com,"Mountain-100 Black, 38",2,153.41
SO00364,1,11/9/2019,Emile Sindell,esindella3@fastcompany.com,"Road-150 Red, 62",4,223.64
SO00398,1,11/9/2019,Harman Folks,hfolksb1@cdc.gov,"Mountain-100 Silver, 38",4,147.83
SO00405,1,11/9/2019,Dolf Finley,dfinleyb8@ucoz.ru,"Road-150 Red, 52",4,223.64
SO00445,1,11/9/2019,Baillie Bausor,bbausorcc@youku.com,"Road-150 Red, 52",2,223.64
SO00290,1,12/9/2019,Miof mela Heskey,mmela81@webmd.com,"Road-150 Red, 62",1,223.64
SO00317,1,12/9/2019,Teodor Victory,tvictory8s@virginia.edu,"Road-150 Red, 48",4,223.64
SO00385,1,12/9/2019,Chelsea Axelby,caxelbyao@apple.com,"Road-150 Red, 62",2,223.64
SO00464,1,12/9/2019,Alanson Brodbin,abrodbincv@newyorker.com,"Road-150 Red, 44",3,223.64
SO00241,1,13/9/2019,Gage Meco,gmeco6o@wsj.com,"Road-150 Red, 56",4,223.64
SO00303,1,13/9/2019,Llewellyn Henkmann,lhenkmann8e@zdnet.com,"Road-150 Red, 56",3,223.64
SO00343,1,13/9/2019,Vachel Wixey,vwixey9i@hhs.gov,"Road-150 Red, 44",2,223.64
SO00359,1,13/9/2019,Liza Hallowes,lhallowes9y@vinaora.com,"Road-150 Red, 62",4,223.64
SO00363,1,13/9/2019,Barthel Dreigher,bdreighera2@hao123.com,"Road-150 Red, 56",2,223.64
SO00368,1,13/9/2019,Corbet Reade,creadea7@bigcartel.com,"Road-150 Red, 52",4,223.64
SO00407,1,13/9/2019,Arabella Pagden,apagdenba@altervista.org,"Road-150 Red, 48",4,223.64
SO00466,1,13/9/2019,Denver Saladin,dsaladincx@deviantart.com,"Mountain-100 Silver, 42",3,147.83
SO00246,1,14/9/2019,Isaiah Custy,icusty6t@archive.org,"Road-150 Red, 44",4,223.64
SO00258,1,14/9/2019,Ruth Tesimon,rtesimon75@i2i.jp,"Mountain-100 Black, 42",2,153.41
SO00338,1,14/9/2019,Derrik Branni,dbranni9d@tinypic.com,"Road-150 Red, 52",4,223.64
SO00415,1,14/9/2019,Bordie Wyllcocks,bwyllcocksbi@mozilla.org,"Road-150 Red, 62",1,223.64
SO00426,1,14/9/2019,Saul Hymer,shymerbt@constantcontact.com,"Road-150 Red, 62",2,223.64
SO00484,1,14/9/2019,Selig Leggott,sleggottdf@yahoo.com,"Road-150 Red, 62",1,223.64
SO00488,1,14/9/2019,Parnell Backman,pbackmandj@unblog.fr,"Road-150 Red, 52",1,223.64
SO00283,1,15/9/2019,Westley Bunton,wbunton7u@pcworld.com,"Road-150 Red, 56",2,223.64
SO00314,1,15/9/2019,Johny Lardiner,jlardiner8p@foxnews.com,"Road-150 Red, 52",4,223.64
SO00355,1,15/9/2019,Tate McCrainor,tmccrainor9u@jalbum.net,"Road-150 Red, 52",1,223.64
SO00251,1,16/9/2019,Vite Pagitt,vpagitt6y@harvard.edu,"Road-150 Red, 56",2,223.64
SO00313,1,16/9/2019,Thacher Mettetal,tmettetal8o@chicagotribune.com,"Road-150 Red, 62",1,223.64
SO00414,1,16/9/2019,Amber Davis,adavisbh@house.gov,"Road-150 Red, 48",3,223.64
SO00266,1,17/9/2019,Correy Brockest,cbrockest7d@dion.ne.jp,"Road-150 Red, 62",4,223.64
SO00302,1,17/9/2019,Lianna Abramow,labramow8d@dagondesign.com,"Road-150 Red, 44",4,223.64
SO00357,1,17/9/2019,Rayna Proby,rproby9w@google.com,"Road-650 Black, 60",2,38.84
SO00358,1,17/9/2019,Tades Tabourel,ttabourel9x@psu.edu,"Road-650 Red, 60",1,43.69
SO00392,1,17/9/2019,Alfi Melody,amelodyav@npr.org,"Road-150 Red, 62",4,223.64
SO00403,1,17/9/2019,Gabey Vasyutkin,gvasyutkinb6@rakuten.co.jp,"Road-150 Red, 44",3,223.64
SO00417,1,17/9/2019,Marchelle Joubert,mjoubertbk@fc2.com,"Road-150 Red, 48",1,223.64
SO00456,1,17/9/2019,Russell Franklin,rfranklincn@abc.net.au,"Road-150 Red, 44",2,223.64
SO00318,1,18/9/2019,Cyndie Daniel,cdaniel8t@mtv.com,"Road-150 Red, 48",4,223.64
SO00328,1,18/9/2019,Donal Pople,dpople93@tripod.com,"Road-150 Red, 44",1,223.64
SO00346,1,18/9/2019,Thia Tandy,ttandy9l@cargocollective.com,"Road-150 Red, 62",3,223.64
SO00356,1,18/9/2019,Ferdinande Facchini,ffacchini9v@vinaora.com,"Mountain-100 Silver, 48",1,147.83
SO00441,1,18/9/2019,Donalt Atling,datlingc8@nymag.com,"Road-150 Red, 44",4,223.64
SO00516,1,18/9/2019,Gussy Meineking,gmeinekingeb@china.com.cn,"Road-150 Red, 52",1,223.64
SO00520,1,18/9/2019,Twila Bernaert,tbernaertef@xinhuanet.com,"Road-150 Red, 52",3,223.64
SO00344,1,19/9/2019,Christal Statersfield,cstatersfield9j@prweb.com,"Road-150 Red, 52",1,223.64
SO00413,1,19/9/2019,Piper Cauldfield,pcauldfieldbg@hao123.com,"Road-150 Red, 48",4,223.64
SO00418,1,19/9/2019,Sibelle Bruffell,sbruffellbl@netvibes.com,"Road-150 Red, 52",4,223.64
SO00419,1,19/9/2019,Melisse de la Valette Parisot,mdebm@studiopress.com,"Road-150 Red, 48",1,223.64
SO00424,1,19/9/2019,Isobel Hathorn,ihathornbr@vk.com,"Road-150 Red, 48",1,223.64
SO00301,1,20/9/2019,Dmitri Machans,dmachans8c@merriam-webster.com,"Road-150 Red, 52",2,223.64
SO00388,1,20/9/2019,Felic Bosward,fboswardar@blogger.com,"Mountain-100 Silver, 42",1,147.83
SO00443,1,20/9/2019,Allix Massen,amassenca@symantec.com,"Road-150 Red, 62",4,223.64
SO00508,1,20/9/2019,Sandi Fryd,sfryde3@epa.gov,"Mountain-100 Black, 42",1,153.41
SO00373,1,21/9/2019,Kennith Leipnik,kleipnikac@nasa.gov,"Road-150 Red, 48",1,223.64
SO00377,1,21/9/2019,Iris Tilney,itilneyag@rakuten.co.jp,"Mountain-100 Silver, 48",4,147.83
SO00435,1,21/9/2019,Carce Reilingen,creilingenc2@jugem.jp,"Road-650 Red, 60",3,43.69
SO00460,1,21/9/2019,Haroun Stritton,hstrittoncr@netlog.com,"Road-150 Red, 44",4,223.64
SO00542,1,21/9/2019,Latrina Kochel,lkochelf1@ycombinator.com,"Road-150 Red, 44",4,223.64
SO00554,1,21/9/2019,Molli Crasford,mcrasfordfd@newyorker.com,"Road-650 Red, 44",1,43.69
SO00387,1,22/9/2019,Hirsch Sabey,hsabeyaq@china.com.cn,"Road-150 Red, 56",2,223.64
SO00409,1,22/9/2019,Ashton Warre,awarrebc@technorati.com,"Road-150 Red, 52",2,223.64
SO00410,1,22/9/2019,Madelaine MacAleese,mmacaleesebd@guardian.co.uk,"Road-650 Red, 52",1,43.69
SO00470,1,22/9/2019,Clair Antram,cantramd1@icio.us,"Mountain-100 Black, 38",2,153.41
SO00493,1,22/9/2019,Edgardo Hurtic,ehurticdo@de.vu,"Road-150 Red, 62",1,223.64
SO00510,1,22/9/2019,Iona Deverille,ideverillee5@mashable.com,"Road-150 Red, 62",2,223.64
SO00352,1,23/9/2019,Nana Cosgriff,ncosgriff9r@hhs.gov,"Road-150 Red, 62",1,223.64
SO00381,1,23/9/2019,Jennine Whaymand,jwhaymandak@google.ca,"Road-150 Red, 62",3,223.64
SO00490,1,23/9/2019,Halsy Fishleigh,hfishleighdl@techcrunch.com,"Mountain-100 Black, 38",1,153.41
SO00523,1,23/9/2019,Monti Clandillon,mclandillonei@rakuten.co.jp,"Road-650 Red, 52",3,43.69
SO00439,1,24/9/2019,Tripp Sailor,tsailorc6@nifty.com,"Road-150 Red, 56",3,223.64
SO00454,1,24/9/2019,Trumann Rathbourne,trathbournecl@rakuten.co.jp,"Road-150 Red, 44",3,223.64
SO00485,1,24/9/2019,Prince Calbaithe,pcalbaithedg@google.nl,"Road-150 Red, 62",3,223.64
SO00538,1,24/9/2019,Melany Mapledorum,mmapledorumex@harvard.edu,"Mountain-100 Black, 48",1,153.41
SO00322,1,25/9/2019,Hedy Janiszewski,hjaniszewski8x@constantcontact.com,"Road-150 Red, 44",3,223.64
SO00483,1,25/9/2019,Derril Snazle,dsnazlede@examiner.com,"Mountain-100 Silver, 42",3,147.83
SO00549,1,25/9/2019,Leo Krollman,lkrollmanf8@51.la,"Road-150 Red, 44",2,223.64
SO00557,1,25/9/2019,Frederico Masic,fmasicfg@ihg.com,"Road-150 Red, 56",2,223.64
SO00450,1,26/9/2019,Hilliard Drioli,hdriolich@cocolog-nifty.com,"Road-650 Red, 48",2,43.69
SO00503,1,26/9/2019,Elena Bollom,ebollomdy@digg.com,"Road-150 Red, 62",1,223.64
SO00333,1,27/9/2019,Berkly Haycraft,bhaycraft98@newsvine.com,"Road-150 Red, 56",1,223.64
SO00404,1,27/9/2019,Kirstin Frankish,kfrankishb7@salon.com,"Road-150 Red, 62",4,223.64
SO00537,1,27/9/2019,Sayre Caesman,scaesmanew@narod.ru,"Mountain-100 Black, 48",2,153.41
SO00546,1,27/9/2019,Land Deval,ldevalf5@diigo.com,"Road-150 Red, 44",1,223.64
SO00551,1,27/9/2019,Kristyn Sims,ksimsfa@buzzfeed.com,"Road-150 Red, 44",3,223.64
SO00353,1,28/9/2019,Carmelle Crombie,ccrombie9s@dyndns.org,"Road-150 Red, 62",3,223.64
SO00391,1,28/9/2019,Warde Malins,wmalinsau@stumbleupon.com,"Road-650 Black, 44",1,38.84
SO00446,1,28/9/2019,Adrienne Gounard,agounardcd@google.com.br,"Road-150 Red, 52",4,223.64
SO00474,1,28/9/2019,Hanna Diloway,hdilowayd5@stanford.edu,"Road-150 Red, 48",1,223.64
SO00514,1,28/9/2019,Tan Bates,tbatese9@amazon.co.uk,"Mountain-100 Black, 48",4,153.41
SO00567,1,28/9/2019,Hilary MacPharlain,hmacpharlainfq@about.com,"Road-150 Red, 48",3,223.64
SO00362,1,29/9/2019,Emmalynn Cannan,ecannana1@buzzfeed.com,"Road-150 Red, 52",2,223.64
SO00394,1,29/9/2019,Field Petyakov,fpetyakovax@scientificamerican.com,"Mountain-100 Black, 42",1,153.41
SO00461,1,29/9/2019,Analiese Mantz,amantzcs@mac.com,"Road-150 Red, 62",4,223.64
SO00401,1,30/9/2019,Emmey Braidley,ebraidleyb4@globo.com,"Road-650 Black, 60",1,38.84
SO00432,1,30/9/2019,Birdie Szwandt,bszwandtbz@tripadvisor.com,"Road-650 Red, 58",4,43.69
SO00499,1,30/9/2019,Gabi Syratt,gsyrattdu@squarespace.com,"Road-150 Red, 62",4,223.64
SO00507,1,30/9/2019,Anette Hinrich,ahinriche2@nytimes.com,"Road-150 Red, 62",3,223.64
SO00512,1,30/9/2019,Anestassia Scanterbury,ascanterburye7@cnn.com,"Road-150 Red, 44",3,223.64
SO00588,1,30/9/2019,Allina Emsden,aemsdengb@accuweather.com,"Road-150 Red, 56",1,223.64
SO00386,1,1/10/2019,Skye Spalls,sspallsap@uol.com.br,"Road-150 Red, 44",2,223.64
SO00425,1,1/10/2019,Alfonse O'Brogane,aobroganebs@samsung.com,"Road-150 Red, 48",4,223.64
SO00429,1,1/10/2019,Leshia Alaway,lalawaybw@github.io,"Road-150 Red, 52",4,223.64
SO00431,1,1/10/2019,Braden Cobson,bcobsonby@engadget.com,"Road-150 Red, 48",1,223.64
SO00462,1,1/10/2019,Derek Beuscher,dbeuscherct@simplemachines.org,"Road-150 Red, 56",1,223.64
SO00478,1,1/10/2019,Deanna Annion,danniond9@youtube.com,"Road-150 Red, 44",1,223.64
SO00487,1,1/10/2019,Darrick McHaffy,dmchaffydi@tinyurl.com,"Road-650 Red, 44",3,43.69
SO00590,1,1/10/2019,Bevan Beagen,bbeagengd@kickstarter.com,"Road-150 Red, 52",1,223.64
SO00400,1,2/10/2019,Wenona Shave,wshaveb3@altervista.org,"Road-150 Red, 48",3,223.64
SO00375,1,3/10/2019,Celestyna Lythgoe,clythgoeae@dailymotion.com,"Road-150 Red, 52",2,223.64
SO00406,1,3/10/2019,Ewart Theobold,etheoboldb9@imageshack.us,"Road-150 Red, 48",1,223.64
SO00423,1,3/10/2019,Bernetta Dow,bdowbq@statcounter.com,"Road-650 Black, 48",4,38.84
SO00459,1,3/10/2019,Thatcher Thinn,tthinncq@t.co,"Road-150 Red, 56",4,223.64
SO00473,1,3/10/2019,Dannie Kilbourn,dkilbournd4@google.com.br,"Road-650 Black, 62",4,38.84
SO00519,1,3/10/2019,Irwin Kocher,ikocheree@hugedomains.com,"Road-150 Red, 62",1,223.64
SO00536,1,3/10/2019,Marlin Bonder,mbonderev@alibaba.com,"Road-150 Red, 56",3,223.64
SO00569,1,3/10/2019,Lotty Hartshorne,lhartshornefs@blinklist.com,"Road-650 Black, 60",3,38.84
SO00596,1,3/10/2019,Rikki Castagne,rcastagnegj@wikimedia.org,"Mountain-100 Silver, 44",1,147.83
SO00597,1,3/10/2019,Pierson Keasey,pkeaseygk@loc.gov,"Road-650 Black, 58",2,38.84
SO00605,1,3/10/2019,Arthur Maurice,amauricegs@digg.com,"Road-150 Red, 56",4,223.64
SO00564,1,4/10/2019,Kaycee Sentinella,ksentinellafn@marketwatch.com,"Road-150 Red, 48",1,223.64
SO00600,1,4/10/2019,Fleur Owttrim,fowttrimgn@dell.com,"Road-650 Black, 60",2,38.84
SO00397,1,5/10/2019,Kittie Petrou,kpetroub0@who.int,"Road-150 Red, 52",3,223.64
SO00422,1,5/10/2019,Derward Eakins,deakinsbp@washington.edu,"Road-150 Red, 62",4,223.64
SO00390,1,6/10/2019,Davy Gilliatt,dgilliattat@sun.com,"Road-150 Red, 56",2,223.64
SO00430,1,6/10/2019,Darla Purle,dpurlebx@hatena.ne.jp,"Road-150 Red, 48",4,223.64
SO00560,1,6/10/2019,Welbie Jirek,wjirekfj@sakura.ne.jp,"Road-150 Red, 52",2,223.64
SO00547,1,7/10/2019,Norah Dmitrienko,ndmitrienkof6@wordpress.org,"Road-150 Red, 62",3,223.64
SO00575,1,7/10/2019,Hannis Scala,hscalafy@dailymotion.com,"Road-150 Red, 52",1,223.64
SO00635,1,7/10/2019,Aleda Buxcey,abuxceyhm@umn.edu,"Road-650 Red, 52",2,43.69
SO00467,1,8/10/2019,Artemas Halgarth,ahalgarthcy@cafepress.com,"Road-150 Red, 44",4,223.64
SO00496,1,8/10/2019,Carr Elliot,celliotdr@flickr.com,"Road-650 Red, 48",4,43.69
SO00565,1,8/10/2019,Nicol Prestner,nprestnerfo@mapquest.com,"Road-650 Red, 60",4,43.69
SO00599,1,8/10/2019,Boigie Akitt,bakittgm@weather.com,"Road-150 Red, 56",3,223.64
SO00637,1,8/10/2019,Nat Thacke,nthackeho@sina.com.cn,"Road-150 Red, 62",2,223.64
SO00491,1,9/10/2019,Jed Downing,jdowningdm@google.nl,"Road-150 Red, 44",2,223.64
SO00492,1,9/10/2019,Zahara Vinson,zvinsondn@unc.edu,"Road-150 Red, 44",3,223.64
SO00534,1,9/10/2019,Curcio Philimore,cphilimoreet@mapy.cz,"Road-150 Red, 52",3,223.64
SO00440,1,10/10/2019,Leona Donnan,ldonnanc7@home.pl,"Road-150 Red, 56",1,223.64
SO00505,1,10/10/2019,Somerset Hazzard,shazzarde0@bigcartel.com,"Road-150 Red, 62",1,223.64
SO00395,1,11/10/2019,Reider Clemenceau,rclemenceauay@myspace.com,"Mountain-100 Silver, 38",4,147.83
SO00411,1,11/10/2019,Shelia Sigge,ssiggebe@imdb.com,"Road-150 Red, 44",3,223.64
SO00455,1,11/10/2019,Korney Rodgers,krodgerscm@vimeo.com,"Road-150 Red, 48",2,223.64
SO00480,1,11/10/2019,Vivi Bahia,vbahiadb@google.it,"Road-150 Red, 44",2,223.64
SO00495,1,11/10/2019,Ketty Themann,kthemanndq@de.vu,"Road-150 Red, 62",1,223.64
SO00589,1,11/10/2019,Alberta Kivlin,akivlingc@google.co.jp,"Road-650 Black, 60",1,38.84
SO00428,1,12/10/2019,Rafaela Lody,rlodybv@people.com.cn,"Road-150 Red, 62",3,223.64
SO00463,1,12/10/2019,Marybelle Guarnier,mguarniercu@odnoklassniki.ru,"Road-150 Red, 56",3,223.64
SO00555,1,12/10/2019,Templeton Cartmill,tcartmillfe@mysql.com,"Road-150 Red, 56",3,223.64
SO00592,1,12/10/2019,Meggi Kendle,mkendlegf@miibeian.gov.cn,"Road-150 Red, 52",2,223.64
SO00652,1,12/10/2019,Othilia Loughead,olougheadi3@china.com.cn,"Road-150 Red, 44",2,223.64
SO00421,1,13/10/2019,Datha Sakins,dsakinsbo@tumblr.com,"Road-150 Red, 56",4,223.64
SO00451,1,13/10/2019,Pate Sallnow,psallnowci@google.com.br,"Road-150 Red, 56",1,223.64
SO00489,1,13/10/2019,Lonee Zahor,lzahordk@multiply.com,"Road-150 Red, 52",1,223.64
SO00494,1,13/10/2019,Philip Feaveer,pfeaveerdp@blog.com,"Road-150 Red, 48",1,223.64
SO00497,1,13/10/2019,Imelda Giraudoux,igiraudouxds@aol.com,"Road-150 Red, 62",1,223.64
SO00544,1,13/10/2019,Gherardo Sandbatch,gsandbatchf3@cam.ac.uk,"Mountain-100 Silver, 42",2,147.83
SO00545,1,13/10/2019,Fin Brigman,fbrigmanf4@sun.com,"Road-150 Red, 62",3,223.64
SO00550,1,13/10/2019,Clarisse Genicke,cgenickef9@zdnet.com,"Road-150 Red, 48",3,223.64
SO00570,1,13/10/2019,Tildie Antliff,tantliffft@blog.com,"Road-150 Red, 62",2,223.64
SO00574,1,13/10/2019,Dulcia Romanin,dromaninfx@ebay.co.uk,"Road-150 Red, 56",1,223.64
SO00617,1,13/10/2019,Raffaello Bidgod,rbidgodh4@smugmug.com,"Road-150 Red, 48",3,223.64
SO00457,1,14/10/2019,Nona Deinhardt,ndeinhardtco@cam.ac.uk,"Road-150 Red, 62",2,223.64
SO00472,1,14/10/2019,Ravi Liston,rlistond3@technorati.com,"Road-650 Red, 58",3,43.69
SO00486,1,14/10/2019,Jazmin Quidenham,jquidenhamdh@elpais.com,"Road-650 Black, 62",4,38.84
SO00531,1,14/10/2019,Iona Chasson,ichassoneq@umn.edu,"Road-150 Red, 56",1,223.64
SO00612,1,14/10/2019,Berenice Chew,bchewgz@geocities.jp,"Road-150 Red, 52",2,223.64
SO00669,1,14/10/2019,Valaria Popescu,vpopescuik@slashdot.org,"Road-150 Red, 48",1,223.64
SO00689,1,14/10/2019,Loni Feather,lfeatherj4@ibm.com,"Mountain-100 Silver, 38",3,147.83
SO00468,1,15/10/2019,Carmine Overington,coveringtoncz@slashdot.org,"Road-650 Red, 62",3,43.69
SO00476,1,15/10/2019,Arni Marcos,amarcosd7@behance.net,"Road-150 Red, 52",1,223.64
SO00479,1,15/10/2019,Mikey Syrad,msyradda@cloudflare.com,"Road-150 Red, 48",2,223.64
SO00482,1,15/10/2019,Fedora Penton,fpentondd@meetup.com,"Mountain-100 Silver, 48",4,147.83
SO00586,1,15/10/2019,Kleon Bayles,kbaylesg9@opensource.org,"Road-150 Red, 56",1,223.64
SO00639,1,15/10/2019,Ashla Bowhey,abowheyhq@unblog.fr,"Road-150 Red, 62",2,223.64
SO00679,1,15/10/2019,Kristoffer Bhar,kbhariu@freewebs.com,"Road-150 Red, 44",2,223.64
SO00697,1,15/10/2019,Monika Million,mmillionjc@behance.net,"Road-150 Red, 44",4,223.64
SO00437,1,16/10/2019,Frants Tomlett,ftomlettc4@goo.gl,"Road-150 Red, 48",2,223.64
SO00449,1,16/10/2019,Ethan Dormon,edormoncg@spotify.com,"Road-150 Red, 44",2,223.64
SO00498,1,16/10/2019,Helli Haggarth,hhaggarthdt@hud.gov,"Road-150 Red, 56",3,223.64
SO00509,1,16/10/2019,Isobel Kayley,ikayleye4@livejournal.com,"Mountain-100 Black, 42",1,153.41
SO00540,1,16/10/2019,Tudor Gatsby,tgatsbyez@answers.com,"Road-150 Red, 62",4,223.64
SO00577,1,16/10/2019,Chadd Pizzey,cpizzeyg0@github.io,"Road-150 Red, 62",1,223.64
SO00578,1,16/10/2019,Justine Lakey,jlakeyg1@google.com.au,"Road-150 Red, 48",4,223.64
SO00625,1,16/10/2019,Debbie Perrie,dperriehc@google.pl,"Road-150 Red, 56",1,223.64
SO00427,1,17/10/2019,Danila Mapplethorpe,dmapplethorpebu@paginegialle.it,"Road-150 Red, 52",4,223.64
SO00438,1,17/10/2019,Monty Calam,mcalamc5@over-blog.com,"Road-650 Red, 44",2,43.69
SO00442,1,17/10/2019,Hirsch Ipplett,hipplettc9@blinklist.com,"Road-150 Red, 44",2,223.64
SO00521,1,18/10/2019,Zaccaria Scarlon,zscarloneg@clickbank.net,"Road-150 Red, 52",3,223.64
SO00598,1,18/10/2019,Barnabe Rustich,brustichgl@go.com,"Road-650 Red, 60",3,43.69
SO00631,1,18/10/2019,Randene Edards,redardshi@hatena.ne.jp,"Mountain-100 Silver, 42",2,147.83
SO00704,1,18/10/2019,Jens Sutherland,jsutherlandjj@ucsd.edu,"Mountain-100 Black, 42",3,153.41
SO00522,1,19/10/2019,Bendite Plain,bplaineh@unc.edu,"Road-150 Red, 48",2,223.64
SO00526,1,19/10/2019,Chickie Jencken,cjenckenel@vimeo.com,"Mountain-100 Silver, 42",1,147.83
SO00541,1,19/10/2019,Bernette Whild,bwhildf0@soundcloud.com,"Road-150 Red, 48",1,223.64
SO00718,1,19/10/2019,Aloin de Tocqueville,adejx@wordpress.org,"Road-150 Red, 62",2,223.64
SO00444,1,20/10/2019,Christyna Boribal,cboribalcb@hibu.com,"Road-150 Red, 44",2,223.64
SO00477,1,20/10/2019,Bernette Williscroft,bwilliscroftd8@nifty.com,"Road-150 Red, 56",1,223.64
SO00506,1,20/10/2019,Hagen Churchman,hchurchmane1@topsy.com,"Mountain-100 Black, 48",3,153.41
SO00553,1,20/10/2019,Thaxter Wheble,twheblefc@latimes.com,"Road-150 Red, 52",1,223.64
SO00556,1,20/10/2019,Hale Inchley,hinchleyff@fotki.com,"Road-150 Red, 52",1,223.64
SO00604,1,20/10/2019,Clemmy Shills,cshillsgr@4shared.com,"Road-650 Red, 52",4,43.69
SO00684,1,20/10/2019,Hilly Ciric,hciriciz@samsung.com,"Mountain-100 Silver, 38",4,147.83
SO00501,1,21/10/2019,Layton Prozillo,lprozillodw@infoseek.co.jp,"Road-150 Red, 44",2,223.64
SO00502,1,21/10/2019,Wilton Crocombe,wcrocombedx@google.com.au,"Road-150 Red, 62",4,223.64
SO00568,1,21/10/2019,Cyndia Emmett,cemmettfr@yolasite.com,"Road-150 Red, 62",1,223.64
SO00630,1,21/10/2019,Alyda Belfield,abelfieldhh@google.ca,"Road-150 Red, 52",4,223.64
SO00642,1,21/10/2019,Blisse Ingold,bingoldht@mediafire.com,"Road-150 Red, 62",4,223.64
SO00675,1,21/10/2019,Zondra Calvard,zcalvardiq@biglobe.ne.jp,"Road-150 Red, 52",2,223.64
SO00475,1,22/10/2019,Morly Kohrt,mkohrtd6@independent.co.uk,"Road-150 Red, 62",2,223.64
SO00500,1,22/10/2019,Dotti Alcorn,dalcorndv@aol.com,"Road-150 Red, 52",1,223.64
SO00458,1,23/10/2019,Iolande Alforde,ialfordecp@latimes.com,"Road-150 Red, 48",1,223.64
SO00576,1,23/10/2019,Shurwood Hucker,shuckerfz@vimeo.com,"Road-150 Red, 62",3,223.64
SO00649,1,23/10/2019,Ursulina Cantrill,ucantrilli0@meetup.com,"Road-150 Red, 56",3,223.64
SO00543,1,24/10/2019,Mahmoud Flude,mfludef2@aboutads.info,"Road-150 Red, 48",2,223.64
SO00585,1,24/10/2019,Marve Simonett,msimonettg8@devhub.com,"Road-150 Red, 44",4,223.64
SO00613,1,24/10/2019,Tamara Dorrington,tdorringtonh0@dailymail.co.uk,"Road-150 Red, 56",3,223.64
SO00741,1,24/10/2019,Carlyn Ivakhnov,civakhnovkk@salon.com,"Road-650 Black, 62",3,38.84
SO00529,1,25/10/2019,Rora Sturch,rsturcheo@sbwire.com,"Road-150 Red, 48",3,223.64
SO00548,1,25/10/2019,Pearl Charles,pcharlesf7@google.com.hk,"Road-150 Red, 44",4,223.64
SO00710,1,25/10/2019,Alleen Gomme,agommejp@hatena.ne.jp,"Mountain-100 Black, 44",1,153.41
SO00716,1,25/10/2019,Menard Cogin,mcoginjv@goodreads.com,"Mountain-100 Silver, 44",1,147.83
SO00735,1,25/10/2019,Carey Palser,cpalserke@pinterest.com,"Road-150 Red, 52",1,223.64
SO00511,1,26/10/2019,Jaime Astupenas,jastupenase6@howstuffworks.com,"Road-150 Red, 56",3,223.64
SO00552,1,26/10/2019,Dorotea Smart,dsmartfb@studiopress.com,"Road-150 Red, 52",1,223.64
SO00579,1,26/10/2019,Celene Dickin,cdicking2@studiopress.com,"Road-150 Red, 48",1,223.64
SO00615,1,26/10/2019,Barbe Grimes,bgrimesh2@ebay.co.uk,"Mountain-100 Silver, 38",2,147.83
SO00682,1,26/10/2019,Donalt Picford,dpicfordix@goo.ne.jp,"Mountain-100 Silver, 38",1,147.83
SO00571,1,27/10/2019,Eldin Gansbuhler,egansbuhlerfu@archive.org,"Road-150 Red, 48",2,223.64
SO00581,1,27/10/2019,Simeon Mammatt,smammattg4@google.nl,"Road-650 Black, 58",3,38.84
SO00640,1,27/10/2019,Lurette Blinckhorne,lblinckhornehr@time.com,"Mountain-100 Black, 38",3,153.41
SO00699,1,27/10/2019,Joyce Margetson,jmargetsonje@google.com.hk,"Road-650 Black, 60",2,38.84
SO00504,1,28/10/2019,Ashlie Jeayes,ajeayesdz@blogs.com,"Road-150 Red, 62",4,223.64
SO00513,1,28/10/2019,Filmer Willgoose,fwillgoosee8@ucoz.com,"Road-150 Red, 48",2,223.64
SO00595,1,28/10/2019,Cosme Houseman,chousemangi@redcross.org,"Mountain-100 Black, 48",3,153.41
SO00629,1,28/10/2019,Odey Thorley,othorleyhg@yahoo.com,"Road-150 Red, 56",3,223.64
SO00671,1,28/10/2019,Georgie Dullaghan,gdullaghanim@1688.com,"Road-150 Red, 62",3,223.64
SO00728,1,28/10/2019,Mahala Wyllt,mwylltk7@cafepress.com,"Road-150 Red, 62",2,223.64
SO00524,1,29/10/2019,Dorree O' Concannon,doej@last.fm,"Road-150 Red, 56",3,223.64
SO00527,1,29/10/2019,Marc Seint,mseintem@utexas.edu,"Mountain-100 Silver, 42",2,147.83
SO00528,1,29/10/2019,Rickard Dayce,rdayceen@newsvine.com,"Road-150 Red, 44",1,223.64
SO00624,1,29/10/2019,Natale McAleese,nmcaleesehb@digg.com,"Road-150 Red, 52",4,223.64
SO00685,1,29/10/2019,Ethelda Towse,etowsej0@gizmodo.com,"Mountain-100 Silver, 38",1,147.83
SO00691,1,29/10/2019,Abbott Ryles,arylesj6@blogs.com,"Mountain-100 Silver, 44",2,147.83
SO00739,1,29/10/2019,Debera Cusack,dcusackki@sphinn.com,"Road-150 Red, 56",3,223.64
SO00518,1,30/10/2019,Blayne Wardlow,bwardlowed@illinois.edu,"Road-150 Red, 56",1,223.64
SO00525,1,30/10/2019,Gerianne Spohrmann,gspohrmannek@printfriendly.com,"Road-150 Red, 52",1,223.64
SO00535,1,30/10/2019,Kingston Waye,kwayeeu@dropbox.com,"Road-150 Red, 62",1,223.64
SO00700,1,30/10/2019,Ring Reef,rreefjf@ovh.net,"Road-150 Red, 62",3,223.64
SO00750,1,30/10/2019,Salaidh Vaney,svaneykt@livejournal.com,"Mountain-100 Black, 38",3,153.41
SO00515,1,31/10/2019,Casi Howlin,chowlinea@uol.com.br,"Mountain-100 Silver, 48",4,147.83
SO00530,1,31/10/2019,Robb De Matteis,rdeep@taobao.com,"Road-150 Red, 48",1,223.64
SO00583,1,31/10/2019,Morlee Seefus,mseefusg6@nationalgeographic.com,"Road-150 Red, 62",1,223.64
SO00698,1,31/10/2019,Susan Kightly,skightlyjd@hud.gov,"Road-650 Red, 44",2,43.69
SO00708,1,31/10/2019,Ettore Breem,ebreemjn@liveinternet.ru,"Road-150 Red, 52",3,223.64
SO00734,1,31/10/2019,Neil Bertin,nbertinkd@addthis.com,"Mountain-100 Silver, 44",4,147.83
SO00736,1,31/10/2019,Garik MacMeeking,gmacmeekingkf@tmall.com,"Road-150 Red, 62",3,223.64
SO00776,1,31/10/2019,Levy Grattan,lgrattanlj@163.com,"Road-650 Red, 48",3,43.69
SO00517,1,1/11/2019,Immanuel Soloway,isolowayec@ibm.com,"Road-150 Red, 56",3,223.64
SO00532,1,1/11/2019,Whitby Menat,wmenater@earthlink.net,"Mountain-100 Black, 44",1,153.41
SO00690,1,1/11/2019,Wakefield McCotter,wmccotterj5@1und1.de,"Mountain-100 Black, 44",1,153.41
SO00606,1,2/11/2019,Selig Hitscher,shitschergt@walmart.com,"Road-150 Red, 62",2,223.64
SO00616,1,2/11/2019,Abie Strange,astrangeh3@newsvine.com,"Road-150 Red, 56",2,223.64
SO00638,1,2/11/2019,Laurel Andre,landrehp@slideshare.net,"Mountain-100 Silver, 42",4,147.83
SO00634,1,3/11/2019,Neile De Malchar,ndehl@examiner.com,"Road-150 Red, 62",2,223.64
SO00636,1,3/11/2019,Garfield Noury,gnouryhn@fc2.com,"Road-150 Red, 56",1,223.64
SO00655,1,3/11/2019,Torey Reckless,trecklessi6@reverbnation.com,"Road-150 Red, 56",4,223.64
SO00661,1,3/11/2019,Devland Rosendale,drosendaleic@businessinsider.com,"Road-150 Red, 52",3,223.64
SO00533,1,4/11/2019,Nolly Seabert,nseabertes@blogger.com,"Road-650 Red, 58",3,43.69
SO00561,1,4/11/2019,Catarina Brightwell,cbrightwellfk@woothemes.com,"Road-150 Red, 56",2,223.64
SO00562,1,4/11/2019,Fenelia Crighton,fcrightonfl@sina.com.cn,"Road-150 Red, 62",4,223.64
SO00566,1,4/11/2019,Audra Hunnicot,ahunnicotfp@mediafire.com,"Mountain-100 Silver, 38",1,147.83
SO00593,1,4/11/2019,Velvet Beverley,vbeverleygg@huffingtonpost.com,"Road-650 Red, 58",2,43.69
SO00643,1,4/11/2019,Mariana Reading,mreadinghu@lulu.com,"Road-150 Red, 56",3,223.64
SO00668,1,4/11/2019,Jordon Cattenach,jcattenachij@a8.net,"Road-150 Red, 52",1,223.64
SO00714,1,4/11/2019,Ad Anand,aanandjt@ft.com,"Road-150 Red, 48",1,223.64
SO00784,1,4/11/2019,Ebonee Greenwell,egreenwelllr@paypal.com,"Mountain-100 Black, 48",1,153.41
SO00798,1,4/11/2019,Grace Bower,gbowerm5@washington.edu,"Road-150 Red, 52",2,223.64
SO00800,1,4/11/2019,Albrecht Jurn,ajurnm7@ox.ac.uk,"Road-150 Red, 48",4,223.64
SO00804,1,4/11/2019,Elbert Natwick,enatwickmb@ed.gov,"Road-150 Red, 56",3,223.64
SO00695,1,5/11/2019,Wendall Swadden,wswaddenja@booking.com,"Mountain-100 Black, 44",3,153.41
SO00767,1,5/11/2019,Everard Anthoine,eanthoinela@yandex.ru,"Mountain-100 Silver, 42",3,147.83
SO00787,1,5/11/2019,Cleo Dwyr,cdwyrlu@dailymotion.com,"Road-150 Red, 48",2,223.64
SO00810,1,5/11/2019,Kristo Pineaux,kpineauxmh@amazon.de,"Road-150 Red, 44",1,223.64
SO00539,1,6/11/2019,Renaud Terzza,rterzzaey@ehow.com,"Mountain-100 Black, 42",4,153.41
SO00563,1,6/11/2019,Skip Deinhardt,sdeinhardtfm@comsenz.com,"Road-150 Red, 48",1,223.64
SO00674,1,6/11/2019,Albina Josskovitz,ajosskovitzip@odnoklassniki.ru,"Road-150 Red, 56",1,223.64
SO00559,1,7/11/2019,Leonanie Lardiner,llardinerfi@umn.edu,"Road-150 Red, 48",4,223.64
SO00626,1,7/11/2019,Sutton Steart,sstearthd@europa.eu,"Road-150 Red, 48",3,223.64
SO00645,1,7/11/2019,Sheela Renny,srennyhw@dedecms.com,"Road-650 Red, 60",1,43.69
SO00664,1,7/11/2019,Julissa Degoix,jdegoixif@sogou.com,"Mountain-100 Black, 42",3,153.41
SO00672,1,7/11/2019,Freeman Goodhand,fgoodhandin@mail.ru,"Road-150 Red, 62",1,223.64
SO00706,1,7/11/2019,Aleen Corfield,acorfieldjl@vimeo.com,"Road-150 Red, 52",1,223.64
SO00746,1,7/11/2019,Valentijn Glassman,vglassmankp@amazonaws.com,"Road-150 Red, 44",4,223.64
SO00812,1,7/11/2019,Caspar Stanlock,cstanlockmj@seesaa.net,"Mountain-100 Black, 44",1,153.41
SO00603,1,8/11/2019,Evvy Foxall,efoxallgq@creativecommons.org,"Road-150 Red, 48",4,223.64
SO00610,1,8/11/2019,Burk Honatsch,bhonatschgx@goo.ne.jp,"Mountain-100 Silver, 48",1,147.83
SO00666,1,8/11/2019,Eb Walbrook,ewalbrookih@google.it,"Road-150 Red, 56",3,223.64
SO00687,1,8/11/2019,David Kettlesting,dkettlestingj2@soup.io,"Road-150 Red, 44",4,223.64
SO00722,1,8/11/2019,Blanca Byatt,bbyattk1@discovery.com,"Road-150 Red, 48",2,223.64
SO00749,1,8/11/2019,Chalmers Stickells,cstickellsks@army.mil,"Road-150 Red, 52",3,223.64
SO00753,1,8/11/2019,Danielle Hann,dhannkw@surveymonkey.com,"Road-650 Black, 62",4,38.84
SO00775,1,8/11/2019,Devy Erridge,derridgeli@sun.com,"Road-150 Red, 56",2,223.64
SO00832,1,8/11/2019,Chris Rimbault,crimbaultn3@squarespace.com,"Road-650 Black, 62",3,38.84
SO00558,1,9/11/2019,Edgard Redgrave,eredgravefh@webeden.co.uk,"Road-150 Red, 56",1,223.64
SO00628,1,9/11/2019,Candace Ricardin,cricardinhf@vistaprint.com,"Road-650 Black, 52",1,38.84
SO00696,1,9/11/2019,Gerek Jouandet,gjouandetjb@xing.com,"Road-150 Red, 52",1,223.64
SO00764,1,9/11/2019,Benedikta Agate,bagatel7@printfriendly.com,"Road-150 Red, 56",1,223.64
SO00806,1,9/11/2019,Alain Sneddon,asneddonmd@163.com,"Road-150 Red, 48",4,223.64
SO00641,1,10/11/2019,Collette Lesper,clesperhs@spotify.com,"Road-150 Red, 52",2,223.64
SO00660,1,10/11/2019,Tally Robjents,trobjentsib@amazon.de,"Road-150 Red, 48",2,223.64
SO00802,1,10/11/2019,Donall Littlecote,dlittlecotem9@themeforest.net,"Road-650 Black, 60",4,38.84
SO00573,1,11/11/2019,Robinett Roston,rrostonfw@cbc.ca,"Road-150 Red, 44",3,223.64
SO00582,1,11/11/2019,Cahra Brixey,cbrixeyg5@washingtonpost.com,"Road-150 Red, 48",2,223.64
SO00608,1,11/11/2019,Michale Heffron,mheffrongv@cisco.com,"Mountain-100 Black, 44",3,153.41
SO00619,1,11/11/2019,Cassondra Itter,citterh6@purevolume.com,"Mountain-100 Black, 38",3,153.41
SO00651,1,11/11/2019,Harmon Heart,hhearti2@miitbeian.gov.cn,"Road-150 Red, 56",2,223.64
SO00667,1,11/11/2019,Arluene Casel,acaselii@163.com,"Road-650 Black, 52",1,38.84
SO00693,1,11/11/2019,Upton Crimpe,ucrimpej8@gravatar.com,"Road-150 Red, 48",1,223.64
SO00729,1,11/11/2019,Daryle Newcombe,dnewcombek8@elegantthemes.com,"Road-650 Black, 52",2,38.84
SO00740,1,11/11/2019,Prentice Filipyev,pfilipyevkj@narod.ru,"Road-150 Red, 56",1,223.64
SO00778,1,11/11/2019,Sonnie Cornelleau,scornelleaull@answers.com,"Road-150 Red, 44",4,223.64
SO00823,1,11/11/2019,Isaiah Booy,ibooymu@mit.edu,"Road-150 Red, 56",2,223.64
SO00846,1,11/11/2019,Justen Sappson,jsappsonnh@uol.com.br,"Road-150 Red, 48",1,223.64
SO00572,1,12/11/2019,Zolly Paquet,zpaquetfv@ucoz.com,"Road-150 Red, 48",2,223.64
SO00580,1,12/11/2019,Bette Twydell,btwydellg3@mashable.com,"Road-650 Red, 58",3,43.69
SO00601,1,12/11/2019,Adaline Sibbet,asibbetgo@tamu.edu,"Road-150 Red, 48",2,223.64
SO00614,1,12/11/2019,Kameko Spinetti,kspinettih1@blogspot.com,"Mountain-100 Black, 42",2,153.41
SO00622,1,12/11/2019,Garvin Lamkin,glamkinh9@naver.com,"Road-150 Red, 62",2,223.64
SO00701,1,12/11/2019,Matthew Comolli,mcomollijg@newsvine.com,"Road-150 Red, 52",3,223.64
SO00717,1,12/11/2019,Deane Caldeiro,dcaldeirojw@gmpg.org,"Road-150 Red, 62",2,223.64
SO00747,1,12/11/2019,Ameline Baldcock,abaldcockkq@theglobeandmail.com,"Mountain-100 Black, 44",1,153.41
SO00807,1,12/11/2019,Huey Labes,hlabesme@stanford.edu,"Road-150 Red, 44",1,223.64
SO00863,1,12/11/2019,Wallis Aronovitz,waronovitzny@mit.edu,"Road-150 Red, 62",2,223.64
SO00618,1,13/11/2019,Clarette Moulds,cmouldsh5@youku.com,"Road-150 Red, 56",3,223.64
SO00702,1,13/11/2019,Neal Loffhead,nloffheadjh@army.mil,"Road-150 Red, 44",3,223.64
SO00711,1,13/11/2019,Jerrylee Posselow,jposselowjq@moonfruit.com,"Road-150 Red, 44",4,223.64
SO00830,1,13/11/2019,Baryram Lapley,blapleyn1@skype.com,"Road-150 Red, 62",4,223.64
SO00594,1,14/11/2019,Cosme Borges,cborgesgh@nsw.gov.au,"Road-150 Red, 44",1,223.64
SO00620,1,14/11/2019,Karim Shawyer,kshawyerh7@blogs.com,"Mountain-100 Silver, 44",2,147.83
SO00659,1,14/11/2019,Gregoor Chattoe,gchattoeia@soup.io,"Road-150 Red, 48",3,223.64
SO00726,1,14/11/2019,Rosene Casbolt,rcasboltk5@elegantthemes.com,"Road-150 Red, 52",2,223.64
SO00815,1,14/11/2019,Phyllys Slide,pslidemm@reverbnation.com,"Road-150 Red, 56",3,223.64
SO00821,1,14/11/2019,Zulema Moughtin,zmoughtinms@liveinternet.ru,"Road-150 Red, 56",3,223.64
SO00584,1,15/11/2019,Stephie Peeke-Vout,speekevoutg7@reddit.com,"Road-150 Red, 52",2,223.64
SO00607,1,15/11/2019,Keslie Romaynes,kromaynesgu@dot.gov,"Road-150 Red, 56",1,223.64
SO00633,1,15/11/2019,Artemis Coram,acoramhk@rambler.ru,"Road-150 Red, 52",2,223.64
SO00707,1,15/11/2019,Lyle Bonifazio,lbonifaziojm@google.com.br,"Road-150 Red, 52",4,223.64
SO00724,1,15/11/2019,Roldan Yetton,ryettonk3@youtu.be,"Road-150 Red, 62",2,223.64
SO00748,1,15/11/2019,Deedee Cattermoul,dcattermoulkr@businessweek.com,"Mountain-100 Black, 44",3,153.41
SO00824,1,15/11/2019,Artemas Victoria,avictoriamv@ox.ac.uk,"Road-150 Red, 62",3,223.64
SO00825,1,15/11/2019,Tremaine Crofts,tcroftsmw@purevolume.com,"Road-150 Red, 52",1,223.64
SO00833,1,15/11/2019,Roy Ewer,rewern4@sun.com,"Road-650 Red, 58",1,43.69
SO00587,1,16/11/2019,Norbert Penni,npenniga@jalbum.net,"Road-150 Red, 44",1,223.64
SO00621,1,16/11/2019,Dion Johns,djohnsh8@unicef.org,"Road-150 Red, 56",2,223.64
SO00623,1,16/11/2019,Ardisj Hazel,ahazelha@java.com,"Mountain-100 Silver, 44",3,147.83
SO00653,1,16/11/2019,Cristian Mac,cmaci4@bbc.co.uk,"Road-150 Red, 52",2,223.64
SO00757,1,16/11/2019,Annnora Gimbart,agimbartl0@yolasite.com,"Road-150 Red, 56",3,223.64
SO00869,1,16/11/2019,Maurise Tayt,mtayto4@ameblo.jp,"Road-150 Red, 52",2,223.64
SO00891,1,16/11/2019,Arie Peckitt,apeckittoq@skype.com,"Road-150 Red, 44",2,223.64
SO00591,1,17/11/2019,Jayne Coles,jcolesge@flickr.com,"Road-150 Red, 56",4,223.64
SO00602,1,17/11/2019,Sissie Kemston,skemstongp@foxnews.com,"Mountain-100 Silver, 42",4,147.83
SO00609,1,17/11/2019,Maurine Gartshore,mgartshoregw@sfgate.com,"Mountain-100 Black, 44",1,153.41
SO00743,1,17/11/2019,Dacey Arendsen,darendsenkm@1688.com,"Road-150 Red, 44",4,223.64
SO00752,1,17/11/2019,Doy Tarquinio,dtarquiniokv@army.mil,"Road-150 Red, 56",4,223.64
SO00756,1,17/11/2019,Linoel Fawdrie,lfawdriekz@wisc.edu,"Road-150 Red, 56",2,223.64
SO00773,1,17/11/2019,Lawrence Fromant,lfromantlg@tripod.com,"Road-150 Red, 48",1,223.64
SO00836,1,17/11/2019,Euphemia Slowcock,eslowcockn7@businessweek.com,"Road-150 Red, 44",1,223.64
SO00838,1,17/11/2019,Somerset Brookes,sbrookesn9@creativecommons.org,"Mountain-100 Black, 38",1,153.41
SO00840,1,17/11/2019,Irene Boothe,iboothenb@livejournal.com,"Mountain-100 Black, 44",1,153.41
SO00627,1,18/11/2019,Neville Clemence,nclemencehe@blogs.com,"Road-150 Red, 44",1,223.64
SO00632,1,18/11/2019,Jenelle Niesegen,jniesegenhj@comsenz.com,"Road-150 Red, 62",1,223.64
SO00658,1,18/11/2019,Bondie Liepins,bliepinsi9@tuttocitta.it,"Road-150 Red, 44",4,223.64
SO00731,1,18/11/2019,Crissie Luggar,cluggarka@scientificamerican.com,"Road-150 Red, 44",4,223.64
SO00801,1,18/11/2019,Damian Vasilechko,dvasilechkom8@mit.edu,"Road-150 Red, 48",2,223.64
SO00808,1,18/11/2019,Link Bartel,lbartelmf@wix.com,"Road-150 Red, 62",1,223.64
SO00834,1,18/11/2019,Perry Hark,pharkn5@amazon.co.uk,"Road-150 Red, 62",2,223.64
SO00646,1,19/11/2019,Adara Fulun,afulunhx@un.org,"Road-150 Red, 52",1,223.64
SO00680,1,19/11/2019,Dre De Courtney,ddeiv@japanpost.jp,"Road-150 Red, 62",3,223.64
SO00725,1,19/11/2019,Angelia Purser,apurserk4@issuu.com,"Road-150 Red, 62",1,223.64
SO00780,1,19/11/2019,Herbert Charlton,hcharltonln@domainmarket.com,"Road-150 Red, 56",3,223.64
SO00805,1,19/11/2019,Harriett Twort,htwortmc@mashable.com,"Mountain-100 Silver, 38",1,147.83
SO00814,1,19/11/2019,Gerri Bodker,gbodkerml@t.co,"Road-150 Red, 56",4,223.64
SO00908,1,19/11/2019,Spenser Acland,saclandp7@sbwire.com,"Road-150 Red, 48",4,223.64
SO00611,1,20/11/2019,Ryon Kolis,rkolisgy@instagram.com,"Mountain-100 Silver, 48",1,147.83
SO00647,1,20/11/2019,Glad Schoroder,gschoroderhy@cocolog-nifty.com,"Road-150 Red, 44",2,223.64
SO00723,1,20/11/2019,June Bilton,jbiltonk2@sitemeter.com,"Road-650 Black, 52",3,38.84
SO00817,1,20/11/2019,Claudette Bondar,cbondarmo@businessweek.com,"Road-150 Red, 48",3,223.64
SO00826,1,20/11/2019,Gregoor Handlin,ghandlinmx@google.com.hk,"Road-150 Red, 56",3,223.64
SO00872,1,20/11/2019,Cookie Kilfedder,ckilfeddero7@hc360.com,"Mountain-100 Black, 48",4,153.41
SO00663,1,21/11/2019,Sadella Prettyman,sprettymanie@engadget.com,"Road-150 Red, 48",1,223.64
SO00692,1,21/11/2019,Starlene Buessen,sbuessenj7@purevolume.com,"Road-150 Red, 52",4,223.64
SO00727,1,21/11/2019,Barbi Broomhall,bbroomhallk6@ibm.com,"Mountain-100 Silver, 38",4,147.83
SO00829,1,21/11/2019,Fonz Polet,fpoletn0@altervista.org,"Road-150 Red, 48",1,223.64
SO00912,1,21/11/2019,Barthel Crosser,bcrosserpb@goo.gl,"Road-150 Red, 62",2,223.64
SO00922,1,21/11/2019,Allegra Rosbottom,arosbottompl@ihg.com,"Mountain-100 Silver, 44",3,147.83
SO00937,1,21/11/2019,Carny Eagleston,ceaglestonq0@weebly.com,"Road-650 Black, 58",3,38.84
SO00644,1,22/11/2019,Mollie De Vile,mdehv@cornell.edu,"Road-650 Black, 52",4,38.84
SO00673,1,22/11/2019,Salmon Gerardot,sgerardotio@blogtalkradio.com,"Road-150 Red, 44",2,223.64
SO00678,1,22/11/2019,Isabelita Fasse,ifasseit@weather.com,"Road-650 Red, 52",4,43.69
SO00873,1,22/11/2019,Sidney Bradder,sbraddero8@github.com,"Mountain-100 Silver, 44",4,147.83
SO00879,1,22/11/2019,Nelson Deakin,ndeakinoe@aol.com,"Road-150 Red, 56",2,223.64
SO00943,1,22/11/2019,Titus Cadwallader,tcadwalladerq6@geocities.com,"Road-150 Red, 62",4,223.64
SO00650,1,23/11/2019,Eolande Dudbridge,edudbridgei1@economist.com,"Road-150 Red, 56",2,223.64
SO00657,1,23/11/2019,Boycie McIlroy,bmcilroyi8@arizona.edu,"Road-150 Red, 52",2,223.64
SO00686,1,23/11/2019,Howie Cockram,hcockramj1@auda.org.au,"Mountain-100 Black, 48",3,153.41
SO00709,1,23/11/2019,Carlos Meert,cmeertjo@google.com,"Road-150 Red, 62",1,223.64
SO00712,1,23/11/2019,Cletus Robez,crobezjr@prlog.org,"Road-650 Black, 62",4,38.84
SO00907,1,23/11/2019,Uri Pascho,upaschop6@prnewswire.com,"Road-150 Red, 48",3,223.64
SO00945,1,23/11/2019,Brunhilde Lingfoot,blingfootq8@tinyurl.com,"Road-150 Red, 52",2,223.64
SO00952,1,23/11/2019,Philippine Fogel,pfogelqf@theatlantic.com,"Road-150 Red, 62",1,223.64
SO00648,1,24/11/2019,Erroll McRamsey,emcramseyhz@1und1.de,"Road-150 Red, 52",3,223.64
SO00677,1,24/11/2019,Prescott Handy,phandyis@statcounter.com,"Road-150 Red, 56",2,223.64
SO00688,1,24/11/2019,Mackenzie Dewar,mdewarj3@google.pl,"Road-150 Red, 56",3,223.64
SO00737,1,24/11/2019,Kial Skews,kskewskg@cisco.com,"Road-650 Red, 44",4,43.69
SO00803,1,24/11/2019,Talbert Salamon,tsalamonma@netscape.com,"Road-150 Red, 56",3,223.64
SO00854,1,24/11/2019,Lorant Rosenberger,lrosenbergernp@wikia.com,"Road-150 Red, 44",1,223.64
SO00881,1,24/11/2019,Wash Summerson,wsummersonog@rakuten.co.jp,"Road-150 Red, 48",2,223.64
SO00896,1,24/11/2019,Evelyn Reddington,ereddingtonov@berkeley.edu,"Road-150 Red, 48",3,223.64
SO00924,1,24/11/2019,Lindon Lambswood,llambswoodpn@lycos.com,"Mountain-100 Black, 48",4,153.41
SO00941,1,24/11/2019,Carolina Macieja,cmaciejaq4@si.edu,"Road-650 Black, 58",4,38.84
SO00954,1,24/11/2019,Myrlene Rickersey,mrickerseyqh@amazon.co.uk,"Road-150 Red, 44",4,223.64
SO00703,1,25/11/2019,Daren Lammerich,dlammerichji@woothemes.com,"Road-650 Black, 62",1,38.84
SO00720,1,25/11/2019,Pennie Reucastle,preucastlejz@stanford.edu,"Road-150 Red, 62",3,223.64
SO00841,1,25/11/2019,Belvia Linck,blincknc@i2i.jp,"Road-650 Red, 48",4,43.69
SO00926,1,25/11/2019,Joanne Figgess,jfiggesspp@stumbleupon.com,"Road-150 Red, 44",4,223.64
SO00936,1,25/11/2019,Hyacinthie McGenis,hmcgenispz@theguardian.com,"Road-150 Red, 56",2,223.64
SO00947,1,25/11/2019,Margy Arnaldi,marnaldiqa@imageshack.us,"Road-650 Black, 52",4,38.84
SO00654,1,26/11/2019,Hamnet Gendricke,hgendrickei5@php.net,"Road-150 Red, 56",1,223.64
SO00656,1,26/11/2019,Brina Evangelinos,bevangelinosi7@rediff.com,"Road-150 Red, 48",4,223.64
SO00676,1,26/11/2019,Tomas Gyorgy,tgyorgyir@wp.com,"Road-150 Red, 52",2,223.64
SO00681,1,26/11/2019,Madlen Giuron,mgiuroniw@loc.gov,"Road-650 Red, 52",4,43.69
SO00705,1,26/11/2019,Sigismondo Le Fleming,slejk@biblegateway.com,"Road-150 Red, 62",1,223.64
SO00779,1,26/11/2019,See Greggor,sgreggorlm@apple.com,"Road-150 Red, 62",4,223.64
SO00870,1,26/11/2019,Kalle Elphick,kelphicko5@howstuffworks.com,"Mountain-100 Silver, 44",2,147.83
SO00665,1,27/11/2019,Barbara-anne Pollicott,bpollicottig@bandcamp.com,"Mountain-100 Black, 38",2,153.41
SO00670,1,27/11/2019,Catie Overstall,coverstallil@e-recht24.de,"Road-150 Red, 62",3,223.64
SO00733,1,27/11/2019,Gerrie Leve,glevekc@instagram.com,"Road-150 Red, 44",4,223.64
SO00966,1,27/11/2019,Berne Bownes,bbownesqt@biglobe.ne.jp,"Road-650 Black, 44",1,38.84
SO00976,1,27/11/2019,Keir Crossgrove,kcrossgrover3@dion.ne.jp,"Road-150 Red, 48",2,223.64
SO00754,1,28/11/2019,Dulci Icom,dicomkx@smh.com.au,"Road-150 Red, 52",4,223.64
SO00777,1,28/11/2019,Rurik Pressdee,rpressdeelk@gnu.org,"Road-150 Red, 52",2,223.64
SO00785,1,28/11/2019,Marya Urpeth,murpethls@oakley.com,"Road-150 Red, 44",4,223.64
SO00789,1,28/11/2019,Agnola Kirtley,akirtleylw@bizjournals.com,"Road-150 Red, 44",3,223.64
SO00835,1,28/11/2019,Fawne Myring,fmyringn6@netscape.com,"Road-150 Red, 44",4,223.64
SO00662,1,29/11/2019,Dyan Mackley,dmackleyid@google.com,"Road-150 Red, 44",4,223.64
SO00766,1,29/11/2019,Mattias Lambol,mlamboll9@bigcartel.com,"Road-150 Red, 52",4,223.64
SO00827,1,29/11/2019,Cynthia O'Dooghaine,codooghainemy@archive.org,"Road-150 Red, 62",2,223.64
SO00839,1,29/11/2019,Nilson Swinley,nswinleyna@unicef.org,"Mountain-100 Black, 48",3,153.41
SO00855,1,29/11/2019,Ingeberg Cannicott,icannicottnq@msu.edu,"Road-150 Red, 56",3,223.64
SO00893,1,29/11/2019,Ethe Goose,egooseos@360.cn,"Road-150 Red, 62",3,223.64
SO00938,1,29/11/2019,Bill Claremont,bclaremontq1@bing.com,"Road-150 Red, 48",2,223.64
SO00942,1,29/11/2019,Kaleena Copp,kcoppq5@barnesandnoble.com,"Road-650 Black, 60",3,38.84
SO00683,1,30/11/2019,Kalina Winterbottom,kwinterbottomiy@salon.com,"Road-150 Red, 48",2,223.64
SO00694,1,30/11/2019,Immanuel Dadley,idadleyj9@google.ca,"Road-150 Red, 52",4,223.64
SO00715,1,30/11/2019,Hamish Peter,hpeterju@apple.com,"Road-150 Red, 56",4,223.64
SO00719,1,30/11/2019,Ninon Tapscott,ntapscottjy@foxnews.com,"Road-150 Red, 62",2,223.64
SO00745,1,30/11/2019,Bartolemo Hailes,bhailesko@dmoz.org,"Road-150 Red, 44",3,223.64
SO00763,1,30/11/2019,Connie Balshen,cbalshenl6@mail.ru,"Road-150 Red, 62",4,223.64
SO00771,1,30/11/2019,Janek Inchboard,jinchboardle@pagesperso-orange.fr,"Road-150 Red, 48",1,223.64
SO00866,1,30/11/2019,Nonah Ayto,naytoo1@whitehouse.gov,"Road-150 Red, 56",4,223.64
SO00950,1,30/11/2019,Gustavo Digg,gdiggqd@cnet.com,"Road-150 Red, 62",4,223.64
SO00980,1,30/11/2019,Shae Bothams,sbothamsr7@webmd.com,"Road-150 Red, 48",4,223.64
SO00988,1,30/11/2019,Cortney Pexton,cpextonrf@hhs.gov,"Road-650 Red, 60",4,43.69
SO00744,1,1/12/2019,Esme Tissell,etissellkn@homestead.com,"Road-150 Red, 44",3,223.64
SO00774,1,1/12/2019,Ancell Yes,ayeslh@usgs.gov,"Road-150 Red, 52",4,223.64
SO00781,1,1/12/2019,Siward Kermode,skermodelo@princeton.edu,"Road-150 Red, 44",1,223.64
SO00793,1,1/12/2019,Wain Piborn,wpibornm0@weibo.com,"Road-150 Red, 52",4,223.64
SO00797,1,1/12/2019,Karalynn Greschik,kgreschikm4@paginegialle.it,"Road-150 Red, 44",4,223.64
SO00857,1,1/12/2019,Harmon Mucci,hmuccins@tripod.com,"Road-150 Red, 44",2,223.64
SO00903,1,1/12/2019,Lita Cornau,lcornaup2@hp.com,"Mountain-100 Black, 38",1,153.41
SO00925,1,1/12/2019,Goober Sitch,gsitchpo@cbsnews.com,"Road-150 Red, 48",3,223.64
SO00972,1,1/12/2019,Maxie Canland,mcanlandqz@admin.ch,"Road-150 Red, 44",2,223.64
SO00999,1,1/12/2019,Balduin Isakov,bisakovrq@wikimedia.org,"Road-150 Red, 62",4,223.64
SO01005,1,1/12/2019,Rowen Serjeantson,rserjeantson4@msu.edu,"Mountain-100 Silver, 38",3,147.83
SO00786,1,2/12/2019,Roobbie Di Frisco,rdilt@europa.eu,"Road-150 Red, 52",3,223.64
SO00883,1,2/12/2019,Flemming Benedict,fbenedictoi@photobucket.com,"Road-150 Red, 44",3,223.64
SO00899,1,2/12/2019,Zenia Blaine,zblaineoy@discuz.net,"Mountain-100 Black, 44",3,153.41
SO00909,1,2/12/2019,Gay Hache,ghachep8@indiegogo.com,"Road-150 Red, 48",4,223.64
SO00917,1,2/12/2019,Malina Lewry,mlewrypg@nasa.gov,"Road-150 Red, 48",1,223.64
SO00951,1,2/12/2019,Lacey O'Sherrin,losherrinqe@ft.com,"Road-150 Red, 62",3,223.64
SO00732,1,3/12/2019,Alick Broadley,abroadleykb@ameblo.jp,"Road-150 Red, 44",2,223.64
SO00742,1,3/12/2019,Corbie Antonin,cantoninkl@about.me,"Road-150 Red, 44",3,223.64
SO00759,1,3/12/2019,Binnie Wisden,bwisdenl2@behance.net,"Road-150 Red, 44",1,223.64
SO00905,1,3/12/2019,Haskel Baggallay,hbaggallayp4@intel.com,"Road-150 Red, 56",1,223.64
SO00958,1,3/12/2019,Gerty MacClenan,gmacclenanql@bizjournals.com,"Road-150 Red, 56",4,223.64
SO00738,1,4/12/2019,Molli Ruffli,mrufflikh@redcross.org,"Road-150 Red, 52",2,223.64
SO00783,1,4/12/2019,Nicky Jeram,njeramlq@buzzfeed.com,"Mountain-100 Black, 44",2,153.41
SO00898,1,4/12/2019,Ruprecht Pryke,rprykeox@sciencedaily.com,"Road-150 Red, 56",4,223.64
SO01019,1,4/12/2019,Johannes Alexandrescu,jalexandrescui@uiuc.edu,"Road-150 Red, 48",2,223.64
SO00755,1,5/12/2019,Morris Thring,mthringky@oracle.com,"Road-150 Red, 52",3,223.64
SO00768,1,5/12/2019,Thorndike Whatmough,twhatmoughlb@earthlink.net,"Road-150 Red, 48",1,223.64
SO00769,1,5/12/2019,Godart Zavattieri,gzavattierilc@addthis.com,"Road-150 Red, 62",1,223.64
SO00853,1,5/12/2019,Lazar Yoxen,lyoxenno@slashdot.org,"Road-150 Red, 48",3,223.64
SO00882,1,5/12/2019,Hilary Bukowski,hbukowskioh@businessweek.com,"Road-150 Red, 44",1,223.64
SO00967,1,5/12/2019,Margeaux Solloway,msollowayqu@ovh.net,"Road-650 Black, 44",1,38.84
SO00713,1,6/12/2019,Livy Paaso,lpaasojs@quantcast.com,"Road-150 Red, 56",1,223.64
SO00761,1,6/12/2019,Jefferey Alfonsini,jalfonsinil4@elpais.com,"Road-650 Black, 58",4,38.84
SO00770,1,6/12/2019,Antonetta Vaen,avaenld@friendfeed.com,"Road-150 Red, 44",2,223.64
SO00984,1,6/12/2019,Lynnette Mapples,lmapplesrb@sbwire.com,"Mountain-100 Silver, 44",2,147.83
SO01001,1,6/12/2019,Ulrikaumeko Miko,umiko0@google.cn,"Road-150 Red, 56",3,223.64
SO00721,1,7/12/2019,Rhody Dukesbury,rdukesburyk0@blinklist.com,"Road-150 Red, 48",2,223.64
SO00813,1,7/12/2019,Northrup Hughlin,nhughlinmk@wp.com,"Road-150 Red, 56",2,223.64
SO00962,1,7/12/2019,Alina Basant,abasantqp@indiatimes.com,"Road-650 Red, 48",2,43.69
SO01020,1,7/12/2019,Brandyn Blethyn,bblethynj@tmall.com,"Road-150 Red, 56",1,223.64
SO00730,1,8/12/2019,Floria Warn,fwarnk9@baidu.com,"Mountain-100 Silver, 44",1,147.83
SO00852,1,8/12/2019,Mick Drinkhill,mdrinkhillnn@seattletimes.com,"Road-150 Red, 52",3,223.64
SO00864,1,8/12/2019,Kyla Gusticke,kgustickenz@geocities.jp,"Road-150 Red, 62",3,223.64
SO00901,1,8/12/2019,Lin Brownlie,lbrownliep0@skyrock.com,"Road-650 Red, 48",3,43.69
SO00978,1,8/12/2019,Helga Shird,hshirdr5@istockphoto.com,"Road-150 Red, 56",1,223.64
SO00982,1,8/12/2019,Tyrus Bikker,tbikkerr9@earthlink.net,"Road-150 Red, 62",1,223.64
SO00987,1,8/12/2019,Harmon Bettesworth,hbettesworthre@webeden.co.uk,"Road-150 Red, 52",1,223.64
SO00758,1,9/12/2019,Willy Blacker,wblackerl1@soundcloud.com,"Road-650 Black, 52",3,38.84
SO00782,1,9/12/2019,Tommie Suddock,tsuddocklp@discovery.com,"Road-150 Red, 62",2,223.64
SO00906,1,9/12/2019,Virgilio Furlow,vfurlowp5@fc2.com,"Road-150 Red, 48",3,223.64
SO00911,1,9/12/2019,Catherin Ruprich,cruprichpa@meetup.com,"Road-150 Red, 62",3,223.64
SO00948,1,9/12/2019,Monti Danilyuk,mdanilyukqb@scientificamerican.com,"Road-150 Red, 56",3,223.64
SO00957,1,9/12/2019,Marchelle Lago,mlagoqk@hud.gov,"Road-650 Red, 60",3,43.69
SO01013,1,9/12/2019,Martin Hacard,mhacardc@statcounter.com,"Road-150 Red, 52",3,223.64
SO01029,1,9/12/2019,Andie Ludlow,aludlows@quantcast.com,"Mountain-100 Black, 48",1,153.41
SO00760,1,10/12/2019,Livvie Birkwood,lbirkwoodl3@privacy.gov.au,"Road-150 Red, 52",4,223.64
SO00762,1,10/12/2019,Bil Aizikovitch,baizikovitchl5@msu.edu,"Mountain-100 Silver, 38",4,147.83
SO00772,1,10/12/2019,Anallese Cod,acodlf@sourceforge.net,"Road-150 Red, 52",2,223.64
SO00888,1,10/12/2019,Shea Holleran,sholleranon@fda.gov,"Road-150 Red, 62",2,223.64
SO00969,1,10/12/2019,Cristen Scurrer,cscurrerqw@fda.gov,"Mountain-100 Black, 44",3,153.41
SO01056,1,10/12/2019,Adella Barcroft,abarcroft1j@yandex.ru,"Road-150 Red, 44",1,223.64
SO01061,1,10/12/2019,Remus Langeren,rlangeren1o@livejournal.com,"Road-150 Red, 56",4,223.64
SO00788,1,11/12/2019,Silvie Kibard,skibardlv@gnu.org,"Road-650 Black, 52",3,38.84
SO00842,1,11/12/2019,Welby Canete,wcanetend@baidu.com,"Road-650 Red, 60",4,43.69
SO00850,1,11/12/2019,Melly Enoksson,menokssonnl@zdnet.com,"Road-150 Red, 44",2,223.64
SO00851,1,11/12/2019,Farr Brocklesby,fbrocklesbynm@4shared.com,"Road-150 Red, 62",4,223.64
SO00887,1,11/12/2019,Shaun Coxall,scoxallom@tumblr.com,"Mountain-100 Black, 42",1,153.41
SO00904,1,11/12/2019,Cecilio Matysik,cmatysikp3@clickbank.net,"Road-150 Red, 48",2,223.64
SO00932,1,11/12/2019,Merrel Tackell,mtackellpv@printfriendly.com,"Mountain-100 Black, 42",1,153.41
SO00983,1,11/12/2019,Faunie Sier,fsierra@123-reg.co.uk,"Road-150 Red, 48",2,223.64
SO01047,1,11/12/2019,Wileen Walter,wwalter1a@java.com,"Road-150 Red, 44",1,223.64
SO00751,1,12/12/2019,Yoshi Hellard,yhellardku@cdbaby.com,"Road-150 Red, 62",4,223.64
SO00765,1,12/12/2019,Tamas Austwick,taustwickl8@amazon.com,"Mountain-100 Silver, 42",2,147.83
SO00791,1,12/12/2019,Faun Labbet,flabbetly@elpais.com,"Road-150 Red, 44",4,223.64
SO00799,1,12/12/2019,Jehu Breit,jbreitm6@wikipedia.org,"Road-150 Red, 48",3,223.64
SO00816,1,12/12/2019,Dorie Piercey,dpierceymn@aol.com,"Road-150 Red, 44",4,223.64
SO00849,1,12/12/2019,Sherm Kleinstub,skleinstubnk@kickstarter.com,"Road-150 Red, 48",4,223.64
SO00861,1,12/12/2019,Carmelle Parnham,cparnhamnw@comsenz.com,"Road-150 Red, 62",1,223.64
SO00867,1,12/12/2019,Sabine Sadat,ssadato2@github.com,"Road-150 Red, 56",2,223.64
SO00960,1,12/12/2019,Brittany Revitt,brevittqn@1688.com,"Road-150 Red, 44",1,223.64
SO00989,1,12/12/2019,Luz Leggott,lleggottrg@fema.gov,"Road-150 Red, 52",4,223.64
SO00996,1,12/12/2019,Veda Smy,vsmyrn@mac.com,"Road-150 Red, 62",1,223.64
SO00792,1,13/12/2019,Freddi Ryves,fryveslz@liveinternet.ru,"Road-150 Red, 52",1,223.64
SO00944,1,13/12/2019,Cate Brantzen,cbrantzenq7@artisteer.com,"Road-150 Red, 48",3,223.64
SO00971,1,13/12/2019,Kelley Fenby,kfenbyqy@paypal.com,"Road-150 Red, 52",2,223.64
SO01018,1,13/12/2019,Klarrisa Jeves,kjevesh@tmall.com,"Road-150 Red, 48",4,223.64
SO00819,1,14/12/2019,Janot Jewis,jjewismq@hud.gov,"Mountain-100 Silver, 44",4,147.83
SO00886,1,14/12/2019,Adair Trimbey,atrimbeyol@usda.gov,"Mountain-100 Silver, 38",4,147.83
SO00973,1,14/12/2019,Maiga Slaten,mslatenr0@omniture.com,"Road-150 Red, 62",2,223.64
SO01002,1,14/12/2019,Winny Kippin,wkippin1@mlb.com,"Road-150 Red, 44",3,223.64
SO01017,1,14/12/2019,Godart Rixon,grixong@marketwatch.com,"Road-650 Black, 44",2,38.84
SO01048,1,14/12/2019,Anne Hughes,ahughes1b@nature.com,"Road-150 Red, 44",2,223.64
SO00796,1,15/12/2019,Ringo Baysting,rbaystingm3@instagram.com,"Road-150 Red, 48",1,223.64
SO00877,1,15/12/2019,Sydelle Crawley,scrawleyoc@omniture.com,"Road-150 Red, 56",3,223.64
SO00895,1,15/12/2019,Lorrin Batchelour,lbatchelourou@nydailynews.com,"Road-150 Red, 62",3,223.64
SO00897,1,15/12/2019,Merry Foxon,mfoxonow@soundcloud.com,"Road-150 Red, 48",4,223.64
SO00900,1,15/12/2019,Wilie Lathe,wlatheoz@columbia.edu,"Road-150 Red, 52",2,223.64
SO01053,1,15/12/2019,Lorne Nassi,lnassi1g@webeden.co.uk,"Mountain-100 Black, 38",4,153.41
SO00790,1,16/12/2019,Melisa Reston,mrestonlx@usgs.gov,"Road-150 Red, 56",3,223.64
SO00811,1,16/12/2019,Karlyn Vivers,kviversmi@yahoo.com,"Road-150 Red, 56",4,223.64
SO00865,1,16/12/2019,Sterling Levermore,slevermoreo0@guardian.co.uk,"Road-150 Red, 62",1,223.64
SO00974,1,16/12/2019,Sax Fitzsymon,sfitzsymonr1@dot.gov,"Road-150 Red, 44",2,223.64
SO00985,1,16/12/2019,Darn Penvarden,dpenvardenrc@csmonitor.com,"Road-650 Black, 52",4,38.84
SO01076,1,16/12/2019,Jehanna Gooderidge,jgooderidge23@drupal.org,"Road-150 Red, 44",1,223.64
SO00820,1,17/12/2019,Addia Maulin,amaulinmr@ucoz.com,"Road-150 Red, 48",1,223.64
SO00837,1,17/12/2019,Isador Caird,icairdn8@edublogs.org,"Mountain-100 Black, 38",2,153.41
SO00890,1,17/12/2019,Colline Etock,cetockop@ustream.tv,"Road-150 Red, 62",3,223.64
SO00910,1,17/12/2019,Georgetta Spikins,gspikinsp9@si.edu,"Road-150 Red, 44",4,223.64
SO00928,1,17/12/2019,Kendra Guerri,kguerripr@bigcartel.com,"Road-150 Red, 62",2,223.64
SO00981,1,17/12/2019,Marion Warbys,mwarbysr8@51.la,"Road-150 Red, 48",1,223.64
SO01090,1,17/12/2019,Laurens Ravenscroft,lravenscroft2h@ebay.com,"Road-150 Red, 56",4,223.64
SO01096,1,17/12/2019,Boris Thain,bthain2n@spiegel.de,"Road-150 Red, 62",1,223.64
SO01105,1,17/12/2019,Hans Stenning,hstenning2w@cnbc.com,"Road-150 Red, 52",1,223.64
SO00794,1,18/12/2019,Kary Huscroft,khuscroftm1@deliciousdays.com,"Mountain-100 Black, 44",1,153.41
SO00880,1,18/12/2019,Lucita McElmurray,lmcelmurrayof@cafepress.com,"Road-150 Red, 52",3,223.64
SO00894,1,18/12/2019,Alene Brown,abrownot@people.com.cn,"Road-650 Black, 44",4,38.84
SO00923,1,18/12/2019,Dahlia Breslane,dbreslanepm@intel.com,"Mountain-100 Black, 42",2,153.41
SO00935,1,18/12/2019,Konstantin Keable,kkeablepy@reddit.com,"Road-150 Red, 62",2,223.64
SO00956,1,18/12/2019,Land Cawdron,lcawdronqj@surveymonkey.com,"Road-150 Red, 48",1,223.64
SO01072,1,18/12/2019,Banky Stratton,bstratton1z@imageshack.us,"Mountain-100 Black, 44",1,153.41
SO01112,1,18/12/2019,Eunice Fairlamb,efairlamb33@chron.com,"Road-150 Red, 52",3,223.64
SO00795,1,19/12/2019,Fayre Nellies,fnelliesm2@taobao.com,"Mountain-100 Silver, 42",4,147.83
SO00822,1,19/12/2019,Liv Fenne,lfennemt@msn.com,"Road-150 Red, 52",4,223.64
SO00828,1,19/12/2019,Janina Haly,jhalymz@de.vu,"Road-150 Red, 62",2,223.64
SO00859,1,19/12/2019,Sue Saldler,ssaldlernu@twitter.com,"Road-150 Red, 52",1,223.64
SO00860,1,19/12/2019,Berk Doveston,bdovestonnv@dailymail.co.uk,"Road-650 Red, 58",2,43.69
SO00975,1,19/12/2019,Marty Boustred,mboustredr2@sbwire.com,"Road-150 Red, 48",4,223.64
SO00977,1,19/12/2019,Tabby Brosius,tbrosiusr4@illinois.edu,"Mountain-100 Black, 42",1,153.41
SO01009,1,19/12/2019,Ruby Eberdt,reberdt8@opensource.org,"Road-150 Red, 62",1,223.64
SO01015,1,19/12/2019,Fran Pinsent,fpinsente@omniture.com,"Road-150 Red, 52",3,223.64
SO01023,1,19/12/2019,Coraline Kwiek,ckwiekm@va.gov,"Mountain-100 Silver, 42",3,147.83
SO01040,1,19/12/2019,Rusty Oty,roty13@whitehouse.gov,"Mountain-100 Black, 38",1,153.41
SO01041,1,19/12/2019,Andy Folley,afolley14@amazonaws.com,"Road-150 Red, 48",2,223.64
SO01054,1,19/12/2019,Datha Crinkley,dcrinkley1h@yellowbook.com,"Road-150 Red, 52",4,223.64
SO00889,1,20/12/2019,Deb Mouser,dmouseroo@microsoft.com,"Road-150 Red, 56",4,223.64
SO00940,1,20/12/2019,Davis Dibbs,ddibbsq3@technorati.com,"Road-150 Red, 62",2,223.64
SO00990,1,20/12/2019,Jillana Melvin,jmelvinrh@wikimedia.org,"Road-150 Red, 62",2,223.64
SO00991,1,20/12/2019,Colene Longwood,clongwoodri@tinypic.com,"Road-650 Black, 44",2,38.84
SO01012,1,20/12/2019,Greg Jumont,gjumontb@youtu.be,"Road-150 Red, 44",3,223.64
SO01027,1,20/12/2019,Sorcha Folkerd,sfolkerdq@amazon.com,"Road-150 Red, 48",1,223.64
SO01088,1,20/12/2019,Evangelin Stampe,estampe2f@umich.edu,"Road-150 Red, 52",3,223.64
SO00878,1,21/12/2019,Christalle Dunkley,cdunkleyod@bloomberg.com,"Road-150 Red, 52",1,223.64
SO00918,1,21/12/2019,Ingaberg Hakonsson,ihakonssonph@biblegateway.com,"Road-150 Red, 56",1,223.64
SO00939,1,21/12/2019,Harri Barczynski,hbarczynskiq2@oakley.com,"Road-150 Red, 52",3,223.64
SO00959,1,21/12/2019,Josefa Georgius,jgeorgiusqm@auda.org.au,"Road-150 Red, 48",2,223.64
SO00970,1,21/12/2019,Corly Stillwell,cstillwellqx@purevolume.com,"Road-650 Black, 48",2,38.84
SO01035,1,21/12/2019,Elise Ivashin,eivashiny@qq.com,"Road-150 Red, 48",1,223.64
SO01067,1,21/12/2019,Nicoli Withey,nwithey1u@icq.com,"Road-150 Red, 52",1,223.64
SO01087,1,21/12/2019,Talbert Gallyhaock,tgallyhaock2e@auda.org.au,"Road-150 Red, 48",2,223.64
SO00848,1,22/12/2019,Weider Parken,wparkennj@illinois.edu,"Road-150 Red, 48",3,223.64
SO00856,1,22/12/2019,Rudiger Arnau,rarnaunr@meetup.com,"Road-150 Red, 48",2,223.64
SO00919,1,22/12/2019,Elmer Hammand,ehammandpi@spiegel.de,"Road-150 Red, 56",1,223.64
SO00931,1,22/12/2019,Henry Hosten,hhostenpu@newyorker.com,"Mountain-100 Black, 42",3,153.41
SO00946,1,22/12/2019,Terrel Daniele,tdanieleq9@examiner.com,"Road-150 Red, 44",2,223.64
SO00953,1,22/12/2019,Elane Musla,emuslaqg@friendfeed.com,"Road-150 Red, 52",2,223.64
SO01032,1,22/12/2019,Eugenio Rutherford,erutherfordv@umn.edu,"Road-150 Red, 62",1,223.64
SO01060,1,22/12/2019,Tybalt Soigne,tsoigne1n@ucla.edu,"Road-150 Red, 48",4,223.64
SO01120,1,22/12/2019,Lorenza Ortet,lortet3b@networkadvertising.org,"Road-150 Red, 62",1,223.64
SO01140,1,22/12/2019,Bree Bumphrey,bbumphrey3v@nba.com,"Road-150 Red, 48",4,223.64
SO00809,1,23/12/2019,Karlis Kinnie,kkinniemg@narod.ru,"Mountain-100 Black, 44",4,153.41
SO00871,1,23/12/2019,Marja Pidgeley,mpidgeleyo6@telegraph.co.uk,"Mountain-100 Black, 38",1,153.41
SO00884,1,23/12/2019,Sonni Grima,sgrimaoj@newsvine.com,"Road-150 Red, 44",3,223.64
SO01045,1,23/12/2019,Elwira Stanmer,estanmer18@economist.com,"Road-650 Red, 62",4,43.69
SO01132,1,23/12/2019,Cymbre Cops,ccops3n@twitpic.com,"Road-150 Red, 56",1,223.64
SO00818,1,24/12/2019,Lyssa Pantin,lpantinmp@who.int,"Road-150 Red, 62",4,223.64
SO00843,1,24/12/2019,Otho Kimberley,okimberleyne@hubpages.com,"Road-150 Red, 52",3,223.64
SO00844,1,24/12/2019,Brenden De Morena,bdenf@myspace.com,"Mountain-100 Silver, 42",1,147.83
SO00875,1,24/12/2019,Clement Littley,clittleyoa@hexun.com,"Mountain-100 Black, 48",4,153.41
SO00902,1,24/12/2019,Euell Conyard,econyardp1@seesaa.net,"Road-150 Red, 62",2,223.64
SO00915,1,24/12/2019,Finlay Giampietro,fgiampietrope@wikia.com,"Road-150 Red, 44",4,223.64
SO00968,1,24/12/2019,Marylou Brody,mbrodyqv@comcast.net,"Road-150 Red, 56",2,223.64
SO00997,1,24/12/2019,Gratia Maskrey,gmaskreyro@bigcartel.com,"Mountain-100 Black, 38",2,153.41
SO01103,1,24/12/2019,Luca Sare,lsare2u@rediff.com,"Road-150 Red, 48",2,223.64
SO01151,1,24/12/2019,Virge Chatband,vchatband46@tinypic.com,"Road-150 Red, 62",2,223.64
SO00845,1,25/12/2019,Dirk Crysell,dcrysellng@opensource.org,"Road-150 Red, 52",3,223.64
SO00847,1,25/12/2019,Ellissa Stranger,estrangerni@amazon.com,"Road-150 Red, 44",3,223.64
SO00868,1,25/12/2019,Kippar Pochon,kpochono3@ft.com,"Road-150 Red, 62",3,223.64
SO00916,1,25/12/2019,Matthias Andrivel,mandrivelpf@techcrunch.com,"Road-650 Red, 60",2,43.69
SO00949,1,25/12/2019,Silvanus McShirrie,smcshirrieqc@amazon.de,"Road-150 Red, 48",4,223.64
SO00963,1,25/12/2019,Verge Smithson,vsmithsonqq@webmd.com,"Road-150 Red, 44",4,223.64
SO00992,1,25/12/2019,Maribelle Le Clercq,mlerj@liveinternet.ru,"Road-150 Red, 52",1,223.64
SO01038,1,25/12/2019,Marylin Ivanovic,mivanovic11@google.de,"Road-150 Red, 62",1,223.64
SO01068,1,25/12/2019,Tawsha Bluschke,tbluschke1v@google.ru,"Road-150 Red, 56",4,223.64
SO01135,1,25/12/2019,Christos Cordey,ccordey3q@barnesandnoble.com,"Road-150 Red, 52",1,223.64
SO00831,1,26/12/2019,Gar Shillitoe,gshillitoen2@parallels.com,"Mountain-100 Black, 38",2,153.41
SO00920,1,26/12/2019,Thatcher Blindermann,tblindermannpj@google.fr,"Road-150 Red, 48",3,223.64
SO01028,1,26/12/2019,Fiona Southeran,fsoutheranr@tripod.com,"Road-150 Red, 56",2,223.64
SO01058,1,26/12/2019,Maude Cockshtt,mcockshtt1l@cbc.ca,"Road-150 Red, 44",3,223.64
SO01059,1,26/12/2019,Karie Ubsdell,kubsdell1m@pen.io,"Road-150 Red, 52",1,223.64
SO01078,1,26/12/2019,Kaitlyn Ludye,kludye25@tmall.com,"Road-150 Red, 56",2,223.64
SO01081,1,26/12/2019,Addie Blose,ablose28@free.fr,"Road-150 Red, 48",3,223.64
SO01163,1,26/12/2019,Joyous Eccles,jeccles4i@themeforest.net,"Road-650 Black, 44",3,38.84
SO01036,1,27/12/2019,Jerri Christensen,jchristensenz@biglobe.ne.jp,"Road-150 Red, 52",3,223.64
SO01049,1,27/12/2019,Donavon Spadazzi,dspadazzi1c@yellowbook.com,"Road-650 Black, 52",2,38.84
SO01095,1,27/12/2019,Babita Armatys,barmatys2m@plala.or.jp,"Mountain-100 Black, 42",3,153.41
SO01124,1,27/12/2019,Nita Vigours,nvigours3f@twitpic.com,"Road-150 Red, 52",3,223.64
SO00874,1,28/12/2019,Lou Rennock,lrennocko9@uol.com.br,"Mountain-100 Black, 38",4,153.41
SO00892,1,28/12/2019,Jayme Snowling,jsnowlingor@nps.gov,"Road-150 Red, 48",2,223.64
SO00858,1,29/12/2019,Brigit Hardcastle,bhardcastlent@arstechnica.com,"Road-150 Red, 44",1,223.64
SO01117,1,29/12/2019,Shawnee Dancer,sdancer38@bloglines.com,"Road-650 Red, 58",1,43.69
SO01121,1,29/12/2019,Gerrilee Obern,gobern3c@xinhuanet.com,"Road-150 Red, 62",3,223.64
SO01146,1,29/12/2019,Tully Hay,thay41@google.com.hk,"Road-150 Red, 56",4,223.64
SO00979,1,30/12/2019,Herbert Muldoon,hmuldoonr6@arizona.edu,"Road-150 Red, 56",1,223.64
SO00993,1,30/12/2019,Rodd Mackstead,rmacksteadrk@engadget.com,"Road-150 Red, 52",1,223.64
SO01037,1,30/12/2019,Adey Cubuzzi,acubuzzi10@goo.gl,"Road-650 Red, 44",1,43.69
SO01071,1,30/12/2019,Shalne Cristofaro,scristofaro1y@independent.co.uk,"Road-150 Red, 56",2,223.64
SO01079,1,30/12/2019,Jessika Pettett,jpettett26@nationalgeographic.com,"Road-150 Red, 48",3,223.64
SO01080,1,30/12/2019,Eve Sibyllina,esibyllina27@yahoo.co.jp,"Road-150 Red, 56",1,223.64
SO01167,1,30/12/2019,Jeffie Mcmanaman,jmcmanaman4m@webs.com,"Mountain-100 Silver, 38",2,147.83
SO00862,1,31/12/2019,Miguela Garfath,mgarfathnx@angelfire.com,"Road-150 Red, 56",1,223.64
SO00955,1,31/12/2019,Domenic Cogley,dcogleyqi@webnode.com,"Road-150 Red, 44",1,223.64
SO01092,1,31/12/2019,Beatrisa Bartali,bbartali2j@ibm.com,"Mountain-100 Silver, 38",2,147.83
SO01100,1,31/12/2019,Anjanette Surgenor,asurgenor2r@studiopress.com,"Mountain-100 Silver, 38",3,147.83
SO01119,1,31/12/2019,Laural Fussie,lfussie3a@deviantart.com,"Road-150 Red, 44",2,223.64
SO01179,1,31/12/2019,Konstanze Orcott,korcott4y@oracle.com,"Road-650 Black, 60",3,38.84